waktu,price,kurs,GPRD
10/07/2015,52.74,13313.5,107.39
13/07/2015,52.2,13300,81.55
14/07/2015,53.04,13335,105.27
15/07/2015,51.41,13344.5,123.07
16/07/2015,50.91,13344.5,67.7
17/07/2015,50.89,13344.5,229.98
20/07/2015,50.15,13344.5,117.65
21/07/2015,50.36,13344.5,146.96
22/07/2015,49.19,13377.5,63.47
23/07/2015,48.45,13422.5,98.67
24/07/2015,48.14,13445,125.31
27/07/2015,47.39,13459,193.98
28/07/2015,47.98,13462.5,152.95
29/07/2015,48.79,13456,87.72
30/07/2015,48.52,13467.5,113.36
31/07/2015,47.12,13527.5,92.13
03/08/2015,45.17,13500,127.41
04/08/2015,45.74,13485.5,171.44
05/08/2015,45.15,13514,132.93
06/08/2015,44.66,13541.5,99.95
07/08/2015,43.87,13539.5,74.98
10/08/2015,44.96,13549,72.27
11/08/2015,43.08,13600,64.01
12/08/2015,43.3,13785,69.56
13/08/2015,42.23,13745,28.46
14/08/2015,42.5,13787.5,155.1
17/08/2015,41.87,13787.5,77.83
18/08/2015,42.62,13818,128.8
19/08/2015,40.8,13842.5,90.14
20/08/2015,41.14,13870,68.76
21/08/2015,40.45,13942.5,85.34
24/08/2015,38.24,14047,88.93
25/08/2015,39.31,14065,93.8
26/08/2015,38.6,14122.5,97.43
27/08/2015,42.56,13992.5,110.11
28/08/2015,45.22,13982.5,78.32
31/08/2015,49.2,14050,47.83
01/09/2015,45.41,14097.5,71.24
02/09/2015,46.25,14130,95.61
03/09/2015,46.75,14169,88.54
04/09/2015,46.05,14165,121.07
06/09/2015,45.72,14165,28.85
07/09/2015,44.7,14247.5,86.26
08/09/2015,45.94,14280,79.32
09/09/2015,44.15,14261.5,55.21
10/09/2015,45.92,14332.5,103.36
11/09/2015,44.63,14330,58.12
14/09/2015,44,14347.5,79.11
15/09/2015,44.59,14407.5,85.71
16/09/2015,47.15,14455,52.89
17/09/2015,46.9,14457.5,64.28
18/09/2015,44.68,14375,70.75
21/09/2015,46.68,14455,79.25
22/09/2015,45.83,14497.5,96.33
23/09/2015,44.48,14647.5,75.72
24/09/2015,44.91,14647.5,85.49
25/09/2015,45.7,14685,98.03
28/09/2015,44.43,14697.5,91.28
29/09/2015,45.23,14682.5,82.64
30/09/2015,45.09,14650,84.08
01/10/2015,44.74,14670,117.95
02/10/2015,45.54,14642.5,142.71
05/10/2015,46.26,14495,143.31
06/10/2015,48.53,14245.5,118.87
07/10/2015,47.81,13825,101.75
08/10/2015,49.43,13867.5,55.31
09/10/2015,49.63,13420,79.94
12/10/2015,47.1,13405,122.69
13/10/2015,46.66,13619.5,83.47
14/10/2015,46.64,13619.5,83.41
15/10/2015,46.38,13455,83.91
16/10/2015,47.26,13530,83.01
19/10/2015,45.89,13531.5,68.18
20/10/2015,45.55,13645,86.41
21/10/2015,45.2,13717,188.75
22/10/2015,45.38,13657.5,85.78
23/10/2015,44.6,13635,88.7
26/10/2015,43.98,13645,81.84
27/10/2015,43.2,13622.5,78.38
28/10/2015,45.94,13477.5,75.04
29/10/2015,46.06,13635,92.13
30/10/2015,46.59,13687.5,111.61
02/11/2015,46.14,13667.5,101.28
03/11/2015,47.9,13555,128.45
04/11/2015,46.32,13555,180.35
05/11/2015,45.2,13565,70.56
06/11/2015,44.29,13560,81.99
09/11/2015,43.87,13647.5,91.1
10/11/2015,44.21,13609.5,113.13
11/11/2015,42.93,13602.5,110.68
12/11/2015,41.75,13602.5,70.64
13/11/2015,40.74,13665,88.39
16/11/2015,41.74,13727.5,107.57
17/11/2015,40.67,13747.5,83.11
18/11/2015,40.75,13799.5,79.32
19/11/2015,40.54,13777.5,80.69
20/11/2015,40.39,13655,105.44
23/11/2015,41.75,13723,84.32
24/11/2015,42.87,13707.5,90.19
25/11/2015,43.04,13687.5,110.29
26/11/2015,42.59,13728.5,67.11
27/11/2015,41.71,13780,85.07
30/11/2015,41.65,13835,70.16
01/12/2015,41.85,13782.5,69.37
02/12/2015,39.94,13797.5,68.85
03/12/2015,41.08,13843.5,79.14
04/12/2015,39.97,13832,73.33
07/12/2015,37.65,13842.5,51.94
08/12/2015,37.51,13872.5,83.86
09/12/2015,37.16,13872.5,49.44
10/12/2015,36.76,13935,68.04
11/12/2015,35.62,13947.5,62.65
14/12/2015,36.31,14077.5,91.51
15/12/2015,37.35,14056.5,81.29
16/12/2015,35.52,14069.5,46.56
17/12/2015,34.95,14006.5,109.92
18/12/2015,34.73,13917.5,53.27
21/12/2015,34.74,13772.5,96.48
22/12/2015,36.14,13675,60.45
23/12/2015,37.5,13642.5,89.18
24/12/2015,38.1,13642.5,102.22
25/12/2015,38.1,13642.5,84.11
28/12/2015,36.81,13650,87.31
29/12/2015,37.87,13745,85.3
30/12/2015,36.6,13782.5,51.98
31/12/2015,37.04,13787.5,44.12
01/01/2016,37.04,13787.5,61.57
04/01/2016,36.76,13915,121.15
05/01/2016,35.97,13862.5,129.06
06/01/2016,33.97,13947.5,291.99
07/01/2016,33.27,13927.5,354.05
08/01/2016,33.16,13922.5,309.5
11/01/2016,31.41,13875,242.89
12/01/2016,30.44,13910,212.19
13/01/2016,30.48,13827.5,171.54
14/01/2016,31.2,13910,203.53
15/01/2016,29.42,13894.5,170.01
17/01/2016,29.75,13894.5,246.84
18/01/2016,30.02,13932.5,247.62
19/01/2016,28.46,13880,172.98
20/01/2016,26.55,13960,237.59
21/01/2016,29.53,13910,101.36
22/01/2016,32.19,13850,103.52
25/01/2016,30.34,13872.5,100.23
26/01/2016,31.45,13900,170.5
27/01/2016,32.3,13878.5,192.7
28/01/2016,33.22,13874.5,157.92
29/01/2016,33.62,13775,156.33
01/02/2016,31.62,13637.5,158.13
02/02/2016,29.88,13687.5,135.34
03/02/2016,32.28,13765,197.37
04/02/2016,31.72,13637.5,197.98
05/02/2016,30.89,13625,199.5
08/02/2016,29.69,13625,147.41
09/02/2016,27.94,13605,150
10/02/2016,27.45,13462.5,103.65
11/02/2016,26.21,13462.5,81.62
12/02/2016,29.44,13490,119.42
14/02/2016,29.08,13490,142.26
15/02/2016,30.6,13375,170.6
16/02/2016,29.04,13400,162.98
17/02/2016,30.66,13510,134.48
18/02/2016,30.77,13495,115.44
19/02/2016,29.64,13495,100.6
22/02/2016,31.48,13437.5,165.02
23/02/2016,31.87,13425,143.28
24/02/2016,32.15,13412.5,73.74
25/02/2016,33.07,13410.5,111.12
26/02/2016,32.78,13370,160.93
29/02/2016,33.75,13372,135.35
01/03/2016,34.4,13350,102.93
02/03/2016,34.66,13290,147.82
03/03/2016,34.57,13235,109.35
04/03/2016,35.92,13135,141.56
07/03/2016,37.9,13090,70.11
08/03/2016,36.5,13143,208.84
09/03/2016,38.29,13143,89.81
10/03/2016,37.84,13072.5,113.11
11/03/2016,38.5,13070,133.57
14/03/2016,37.18,13060,205.16
15/03/2016,36.34,13177.5,161.47
16/03/2016,38.46,13267.5,205.2
17/03/2016,40.2,13095,181.01
18/03/2016,39.44,13117.5,67.2
21/03/2016,39.91,13135,100.82
22/03/2016,41.45,13180,95.25
23/03/2016,39.79,13177.5,106.39
24/03/2016,39.46,13252.5,139.33
25/03/2016,39.46,13252.5,125.48
28/03/2016,39.39,13367.5,112.73
29/03/2016,38.28,13397.5,92.98
30/03/2016,38.32,13267.5,102.03
31/03/2016,38.34,13260,147.98
01/04/2016,36.79,13160,154.42
04/04/2016,35.7,13166.5,194.34
05/04/2016,35.89,13219,87.87
06/04/2016,37.75,13222.5,110.86
07/04/2016,37.26,13160,82.91
08/04/2016,39.72,13142.5,85.94
11/04/2016,40.36,13127.5,82.81
12/04/2016,42.17,13113.5,72.01
13/04/2016,41.76,13160,93.97
14/04/2016,41.5,13177.5,76.84
15/04/2016,40.36,13175,83.25
18/04/2016,39.78,13175,40.55
19/04/2016,41.08,13147.5,40.73
20/04/2016,42.63,13141,132.71
21/04/2016,43.18,13157.5,103.52
22/04/2016,43.73,13197.5,104.03
25/04/2016,42.64,13197.5,96.65
26/04/2016,44.04,13200,109.38
27/04/2016,45.33,13194.5,77.32
28/04/2016,46.03,13186.5,110.19
29/04/2016,45.92,13185,139.53
02/05/2016,44.78,13180,77.6
03/05/2016,43.65,13194.5,99.33
04/05/2016,43.78,13241.5,118.48
05/05/2016,44.32,13241.5,106.14
06/05/2016,44.66,13241.5,64.64
09/05/2016,43.44,13290,115.98
10/05/2016,44.66,13287.5,81.19
11/05/2016,46.23,13305,128.85
12/05/2016,46.7,13297.5,134.09
13/05/2016,46.21,13317.5,118.96
16/05/2016,47.72,13302.5,161.59
17/05/2016,48.31,13298.5,69.35
18/05/2016,48.19,13389,61.22
19/05/2016,48.16,13555,104.66
20/05/2016,47.75,13607.5,150.36
23/05/2016,48.08,13582.5,115.61
24/05/2016,48.62,13690,57.19
25/05/2016,49.56,13655,88.87
26/05/2016,49.48,13603.5,46.48
27/05/2016,49.33,13583,101.82
29/05/2016,49.58,13583,59.73
30/05/2016,49.51,13645,123.24
31/05/2016,49.1,13660,81.85
01/06/2016,49.01,13660,131.78
02/06/2016,49.17,13647.5,72.01
03/06/2016,48.62,13591.5,68.61
06/06/2016,49.69,13377.5,51.66
07/06/2016,50.36,13270,67.18
08/06/2016,51.23,13265,103.06
09/06/2016,50.56,13265,91.76
10/06/2016,49.07,13297.5,99.95
13/06/2016,48.88,13278.5,58.51
14/06/2016,48.49,13365,55.94
15/06/2016,48.01,13372.5,64.32
16/06/2016,46.21,13367.5,134.75
17/06/2016,47.98,13337.5,132.5
20/06/2016,49.37,13265,100.38
21/06/2016,48.85,13262.5,79.67
22/06/2016,49.13,13284,104.47
23/06/2016,50.11,13257.5,40.49
24/06/2016,47.64,13380,74.36
27/06/2016,46.33,13340,112.46
28/06/2016,47.85,13177.5,76.37
29/06/2016,49.88,13161.5,245.38
30/06/2016,48.33,13212.5,141.85
01/07/2016,48.99,13140,186.76
03/07/2016,49.01,13140,101.59
04/07/2016,48.65,13127.5,65.11
05/07/2016,46.6,13127.5,157.19
06/07/2016,47.43,13127.5,168.96
07/07/2016,45.14,13127.5,140.48
08/07/2016,45.41,13127.5,131.28
11/07/2016,44.76,13090,156.7
12/07/2016,46.8,13120,88.5
13/07/2016,44.75,13095,105.79
14/07/2016,45.68,13082.5,113.14
15/07/2016,45.95,13091.5,89.26
18/07/2016,45.24,13087.5,101.51
19/07/2016,44.65,13089,93.88
20/07/2016,44.94,13112.5,46.48
21/07/2016,44.75,13100,44.55
22/07/2016,44.19,13108.5,69.59
25/07/2016,43.13,13140,95.74
26/07/2016,42.92,13167.5,79.82
27/07/2016,41.92,13140,97.7
28/07/2016,41.14,13101,96.78
29/07/2016,41.6,13098.5,86.41
01/08/2016,40.06,13071,55.64
02/08/2016,39.51,13097.5,64.11
03/08/2016,40.83,13125,52.3
04/08/2016,41.93,13137.5,90.25
05/08/2016,41.8,13128.5,93.18
08/08/2016,43.02,13130,93.31
09/08/2016,42.77,13132.5,76.72
10/08/2016,41.71,13113.5,40.5
11/08/2016,43.49,13117,86.98
12/08/2016,44.49,13121,80.27
15/08/2016,45.74,13112.5,80.3
16/08/2016,46.58,13096,74.16
17/08/2016,46.79,13096,105.86
18/08/2016,48.22,13116.5,77.54
19/08/2016,48.52,13157.5,71.84
22/08/2016,47.05,13211.5,77.36
23/08/2016,48.1,13219,99.32
24/08/2016,46.77,13247.5,71.13
25/08/2016,47.33,13241.5,104.37
26/08/2016,47.64,13206,103.83
29/08/2016,46.98,13265,79.37
30/08/2016,46.35,13277.5,54.58
31/08/2016,44.7,13267.5,22.33
01/09/2016,43.16,13268,100.38
02/09/2016,44.44,13247,72.8
04/09/2016,44.11,13247,113.59
05/09/2016,45.07,13152.5,101.36
06/09/2016,44.83,13126.5,88.22
07/09/2016,45.5,13085,45.95
08/09/2016,47.62,13062.5,72.96
09/09/2016,45.88,13099.5,66.87
12/09/2016,46.29,13099.5,88.4
13/09/2016,44.9,13170,92.4
14/09/2016,43.58,13204.5,73.92
15/09/2016,43.91,13175,115.9
16/09/2016,43.03,13157.5,83.91
19/09/2016,43.3,13156,104.17
20/09/2016,43.44,13152.5,121.71
21/09/2016,45.34,13135.5,86.68
22/09/2016,46.32,13090,75.74
23/09/2016,44.48,13076.5,68.92
26/09/2016,45.93,13030,81.85
27/09/2016,44.67,12955,62.5
28/09/2016,47.05,12947.5,44.97
29/09/2016,47.83,12975,108.73
30/09/2016,48.24,13051,141.11
03/10/2016,48.81,12982.5,100.84
04/10/2016,48.69,12981.5,94.64
05/10/2016,49.83,12997.5,144.2
06/10/2016,50.44,12987,56.81
07/10/2016,49.81,12985,63.55
10/10/2016,51.35,12977.5,101.41
11/10/2016,50.79,13012.5,79.22
12/10/2016,50.18,13018.5,76.72
13/10/2016,50.44,13077.5,61.34
14/10/2016,50.35,13044.5,62.17
17/10/2016,49.94,13068.5,44.44
18/10/2016,50.29,13032,16.36
19/10/2016,51.6,13007.5,93.31
20/10/2016,50.43,13007.5,108.36
21/10/2016,50.85,13045,129.71
24/10/2016,50.52,13013,78.98
25/10/2016,49.96,13006,99.29
26/10/2016,49.18,13007.5,70.9
27/10/2016,49.72,13033,103.75
28/10/2016,48.7,13050.5,90.83
31/10/2016,46.86,13048,116.32
01/11/2016,46.67,13041.5,104.51
02/11/2016,45.34,13056,106.86
03/11/2016,44.66,13075,67.6
04/11/2016,44.07,13070,54.5
07/11/2016,44.89,13088,38.25
08/11/2016,44.98,13084,109.87
09/11/2016,45.27,13099,96.44
10/11/2016,44.66,13137.5,151.01
11/11/2016,43.41,13287.5,134.23
14/11/2016,43.32,13357.5,112.06
15/11/2016,45.81,13362.5,88.87
16/11/2016,45.57,13377.5,102.72
17/11/2016,45.42,13372.5,42.83
18/11/2016,45.69,13427.5,98.28
21/11/2016,47.49,13425,107.65
22/11/2016,48.03,13442.5,141.48
23/11/2016,47.96,13482.5,131.03
24/11/2016,47.98,13557.5,109.12
25/11/2016,46.06,13517.5,121.49
28/11/2016,47.08,13530,90.25
29/11/2016,45.23,13572.5,114.82
30/11/2016,49.44,13552.5,57.69
01/12/2016,51.06,13545,109.42
02/12/2016,51.68,13525,91.61
05/12/2016,51.79,13432.5,237.54
06/12/2016,50.93,13382.5,188.21
07/12/2016,49.77,13325,158.04
08/12/2016,50.84,13286.5,190.25
09/12/2016,51.5,13327.5,104.29
12/12/2016,52.83,13327.5,146.57
13/12/2016,52.98,13307.5,150.14
14/12/2016,51.04,13296,77.74
15/12/2016,50.9,13397.5,104.02
16/12/2016,51.9,13390,100.57
19/12/2016,52.12,13384,81.79
20/12/2016,52.23,13427.5,99.43
21/12/2016,52.49,13469,90.89
22/12/2016,52.95,13452.5,107.76
23/12/2016,53.02,13450,66.52
26/12/2016,53.19,13450,49.32
27/12/2016,53.9,13447.5,98.59
28/12/2016,54.06,13442.5,126.3
29/12/2016,53.77,13462.5,118.51
30/12/2016,53.72,13472.5,154.44
02/01/2017,54.03,13472.5,93.31
03/01/2017,52.33,13479.5,45.01
04/01/2017,53.26,13440,72.89
05/01/2017,53.76,13375,116.03
06/01/2017,53.99,13365,114.04
09/01/2017,51.96,13365,116.23
10/01/2017,50.82,13315,97.58
11/01/2017,52.25,13329,112.61
12/01/2017,53.01,13290,96.78
13/01/2017,52.37,13331.5,87.17
15/01/2017,52.45,13331.5,97.81
16/01/2017,52.52,13366.5,95.12
17/01/2017,52.48,13351.5,61.16
18/01/2017,51.08,13342.5,118.66
19/01/2017,51.37,13373,78.4
20/01/2017,52.42,13410,55.85
23/01/2017,52.75,13360,23.11
24/01/2017,53.18,13331,84.6
25/01/2017,52.75,13360.5,89.98
26/01/2017,53.78,13336,139.23
27/01/2017,53.17,13358.5,176.97
30/01/2017,52.63,13345,80.3
31/01/2017,52.81,13352,117.3
01/02/2017,53.88,13372.5,71.82
02/02/2017,53.54,13352.5,151.2
03/02/2017,53.83,13345,79.75
06/02/2017,53.01,13322.5,86.18
07/02/2017,52.17,13328.5,72.01
08/02/2017,52.34,13325,77.37
09/02/2017,53,13302.5,81.9
10/02/2017,53.86,13315.5,86.49
13/02/2017,52.93,13326.5,52.7
14/02/2017,53.2,13330.5,91.34
15/02/2017,53.11,13330.5,91.87
16/02/2017,53.36,13320,60.41
17/02/2017,53.4,13332.5,116.91
19/02/2017,53.79,13332.5,110.29
20/02/2017,53.97,13354,93.09
21/02/2017,54.06,13372.5,137.55
22/02/2017,53.59,13367,122.26
23/02/2017,54.45,13351,115.55
24/02/2017,53.99,13330.5,99.24
27/02/2017,54.05,13342.5,51.03
28/02/2017,54.01,13336,66.84
01/03/2017,53.83,13362,104.69
02/03/2017,52.61,13358.5,255.73
03/03/2017,53.33,13382.5,183.11
06/03/2017,53.2,13350,162.74
07/03/2017,53.14,13347,95.46
08/03/2017,50.28,13350,100.25
09/03/2017,49.28,13386.5,71.67
10/03/2017,48.49,13379,52.46
13/03/2017,48.4,13356,133.84
14/03/2017,47.72,13371.5,83.86
15/03/2017,48.86,13365,115.89
16/03/2017,48.75,13348.5,104.66
17/03/2017,48.78,13345,120.29
20/03/2017,48.22,13313.5,47.72
21/03/2017,47.34,13319,64.79
22/03/2017,48.04,13329,64.84
23/03/2017,47.7,13324.5,147.35
24/03/2017,47.97,13326.5,119.91
27/03/2017,47.73,13310.5,92.69
28/03/2017,48.37,13310.5,25.32
29/03/2017,49.51,13313.5,50.19
30/03/2017,50.35,13316,101.56
31/03/2017,50.6,13325.5,90.02
03/04/2017,50.24,13322.5,85.38
04/04/2017,51.03,13328,101.61
05/04/2017,51.15,13321,112.54
06/04/2017,51.7,13335.5,93.18
07/04/2017,52.24,13317.5,60.45
10/04/2017,53.08,13286.5,53.55
11/04/2017,53.4,13281.5,128.76
12/04/2017,53.11,13275,114.42
13/04/2017,53.18,13256.5,112.2
14/04/2017,53.18,13256.5,115.55
17/04/2017,52.65,13285.5,78.98
18/04/2017,52.41,13296.5,81.63
19/04/2017,50.44,13296.5,79.82
20/04/2017,50.27,13323.5,86.04
21/04/2017,49.62,13320,71.3
24/04/2017,49.23,13320,96.95
25/04/2017,49.56,13277.5,99.09
26/04/2017,49.96,13285,82.21
27/04/2017,49.31,13314,66.84
28/04/2017,49.62,13329,82.44
01/05/2017,49.16,13329,63.81
02/05/2017,47.99,13311.5,89.67
03/05/2017,48.18,13305.5,77.04
04/05/2017,45.9,13327.5,62.05
05/05/2017,46.6,13330,48.22
08/05/2017,46.84,13309.5,65.12
09/05/2017,46.27,13350,69.66
10/05/2017,47.7,13357.5,66.01
11/05/2017,48.2,13357.5,89.67
12/05/2017,48.17,13329.5,50.19
15/05/2017,49.16,13304,71.24
16/05/2017,49,13300.5,94.9
17/05/2017,49.41,13323.5,39.58
18/05/2017,49.66,13355.5,67.6
19/05/2017,50.67,13335,153.25
22/05/2017,51.13,13302.5,81.46
23/05/2017,51.72,13302.5,106.86
24/05/2017,51.59,13308.5,59.96
25/05/2017,49.14,13308.5,92.14
26/05/2017,50.05,13294.5,61.88
28/05/2017,49.94,13294.5,52.58
29/05/2017,49.97,13321.5,118.52
30/05/2017,49.91,13323.5,100.06
31/05/2017,48.56,13322.5,75.68
01/06/2017,48.6,13322.5,67.72
02/06/2017,47.87,13304,76.49
05/06/2017,47.4,13286,83.14
06/06/2017,48.19,13298,109.9
07/06/2017,45.72,13304,111.2
08/06/2017,45.64,13298,145.43
09/06/2017,45.83,13291.5,120.17
12/06/2017,46.08,13298,146.61
13/06/2017,46.67,13291.5,64.86
14/06/2017,44.93,13282.5,36.35
15/06/2017,44.68,13286,22.95
16/06/2017,44.97,13297.5,85.23
19/06/2017,44.43,13289,68.57
20/06/2017,43.51,13288.5,103.35
21/06/2017,42.75,13318.5,75.4
22/06/2017,42.97,13327.5,71.09
23/06/2017,43.27,13327.5,62.59
26/06/2017,43.61,13327.5,47.32
27/06/2017,44.49,13327.5,95.5
28/06/2017,44.99,13327.5,137.07
29/06/2017,45.2,13327.5,110.95
30/06/2017,46.29,13327.5,108.93
03/07/2017,47.29,13367.5,107.92
04/07/2017,47.13,13363.5,57.11
05/07/2017,45.34,13364,81.59
06/07/2017,45.7,13388,85.88
07/07/2017,44.39,13403,114.64
10/07/2017,44.6,13399,195.18
11/07/2017,45.23,13391,125.22
12/07/2017,45.66,13369.5,182.84
13/07/2017,46.25,13347.5,100.55
14/07/2017,46.75,13338.5,90.07
17/07/2017,46.23,13327.5,95.74
18/07/2017,46.59,13309,90.87
19/07/2017,47.32,13318,127.41
20/07/2017,46.92,13334.5,98.78
21/07/2017,45.95,13312.5,206.67
24/07/2017,46.51,13310,152.98
25/07/2017,48.02,13326,108.47
26/07/2017,48.85,13336,146.65
27/07/2017,49.17,13318,121.97
28/07/2017,49.81,13326.5,108.89
31/07/2017,50.26,13325,68.14
01/08/2017,49.29,13324,129.06
02/08/2017,49.73,13324,71.24
03/08/2017,49.19,13325.5,37.81
04/08/2017,49.73,13316,161.03
07/08/2017,49.57,13321,66.47
08/08/2017,49.17,13313,137.61
09/08/2017,49.56,13332.5,129.81
10/08/2017,48.59,13334,127.04
11/08/2017,48.82,13357.5,64.45
14/08/2017,47.59,13349,29.19
15/08/2017,47.55,13361,72.59
16/08/2017,46.78,13378.5,100.72
17/08/2017,47.09,13378.5,102.5
18/08/2017,48.51,13362,125.67
21/08/2017,47.37,13350.5,104.66
22/08/2017,47.64,13343,39.02
23/08/2017,48.41,13358.5,85.14
24/08/2017,47.43,13346.5,111.45
25/08/2017,47.87,13345.5,96.98
28/08/2017,46.57,13340,104.38
29/08/2017,46.44,13339.5,111.43
30/08/2017,45.96,13346.5,119.16
31/08/2017,47.23,13343,98.64
01/09/2017,47.29,13343,116.23
03/09/2017,47.32,13343,166.49
04/09/2017,47.41,13342.5,188.69
05/09/2017,48.66,13337.5,150.57
06/09/2017,49.16,13337.5,166.1
07/09/2017,49.09,13306.5,184.03
08/09/2017,47.48,13204,148.07
11/09/2017,48.07,13162.5,50.52
12/09/2017,48.23,13195,83.56
13/09/2017,49.3,13202.5,184.34
14/09/2017,49.89,13249.5,101.93
15/09/2017,49.89,13240,92.3
18/09/2017,49.91,13255,212.41
19/09/2017,49.48,13278.5,128.2
20/09/2017,50.41,13281.5,89.33
21/09/2017,50.55,13281.5,132.02
22/09/2017,50.66,13312.5,185.85
25/09/2017,52.22,13326,118.86
26/09/2017,51.88,13376.5,127.41
27/09/2017,52.43,13440,88.52
28/09/2017,51.87,13515,92.25
29/09/2017,51.95,13471.5,95.06
02/10/2017,50.9,13537.5,110.42
03/10/2017,50.74,13542.5,139.23
04/10/2017,50.32,13476.5,95.25
05/10/2017,51.15,13457.5,59.78
06/10/2017,49.65,13504,90.82
09/10/2017,49.93,13516.5,43.47
10/10/2017,51.23,13513,48.11
11/10/2017,51.6,13517,81.36
12/10/2017,50.93,13504.5,69.57
13/10/2017,51.73,13499,130.1
16/10/2017,52.14,13482.5,114.54
17/10/2017,52.11,13506.5,64.77
18/10/2017,52.26,13516,16.44
19/10/2017,51.51,13523,122.12
20/10/2017,51.84,13518.5,117.26
23/10/2017,52.08,13542.5,141.89
24/10/2017,52.67,13532.5,111.12
25/10/2017,52.43,13577.5,123.04
26/10/2017,52.86,13581.5,71.8
27/10/2017,54.09,13616.5,52.9
30/10/2017,54.37,13584,75.8
31/10/2017,54.59,13562.5,78.47
01/11/2017,54.51,13580,59.83
02/11/2017,54.77,13551,95.86
03/11/2017,55.86,13497.5,80.58
06/11/2017,57.57,13524.5,97.04
07/11/2017,57.43,13513.5,91.14
08/11/2017,57.05,13517,99.92
09/11/2017,57.39,13515,140.57
10/11/2017,56.98,13532.5,81.22
13/11/2017,56.97,13551.5,156.5
14/11/2017,55.89,13553.5,131.19
15/11/2017,55.52,13535,177.37
16/11/2017,55.35,13542,83.81
17/11/2017,56.71,13527.5,46.94
20/11/2017,56.42,13535,116.55
21/11/2017,56.92,13533.5,87.33
22/11/2017,58.02,13526,93.54
23/11/2017,58.38,13513,75.63
24/11/2017,58.91,13502.5,118.14
27/11/2017,58.16,13518.5,66.33
28/11/2017,58.05,13508.5,68.07
29/11/2017,57.36,13502.5,79.89
30/11/2017,57.45,13526,150.57
01/12/2017,58.38,13526,125.2
04/12/2017,57.49,13526,124.1
05/12/2017,57.67,13519,143.82
06/12/2017,56.03,13539,176.62
07/12/2017,56.75,13553.5,130.36
08/12/2017,57.44,13547.5,134.96
11/12/2017,58.05,13552.5,97.26
12/12/2017,57.16,13568.5,171.34
13/12/2017,56.59,13585,156.75
14/12/2017,57.08,13577.5,123.94
15/12/2017,57.33,13578.5,118.8
18/12/2017,57.22,13581.5,86.14
19/12/2017,57.56,13576.5,111.51
20/12/2017,58.13,13577.5,106.67
21/12/2017,58.4,13557.5,152.97
22/12/2017,58.54,13561,178.77
25/12/2017,58.59,13561,130.76
26/12/2017,60,13561,127.41
27/12/2017,59.69,13560.5,41.2
28/12/2017,59.87,13562,142.73
29/12/2017,60.44,13567.5,61.82
01/01/2018,60.24,13567.5,92.16
02/01/2018,60.38,13517.5,104.5
03/01/2018,61.55,13478,126.36
04/01/2018,61.9,13423.5,84.08
05/01/2018,61.41,13415.5,37.99
08/01/2018,61.72,13426.5,126.25
09/01/2018,62.87,13437.5,126.74
10/01/2018,63.42,13436.5,109.72
11/01/2018,63.68,13399.5,95.95
12/01/2018,64.23,13353.5,76.31
14/01/2018,64.28,13353.5,69.87
15/01/2018,64.73,13334.5,22.03
16/01/2018,63.67,13337.5,72.8
17/01/2018,63.92,13357.5,77.81
18/01/2018,63.89,13346,124
19/01/2018,63.31,13313.5,99.9
22/01/2018,63.57,13347.5,78.99
23/01/2018,64.31,13325,30.51
24/01/2018,65.36,13313.5,37.64
25/01/2018,65.37,13288.5,75.43
26/01/2018,65.97,13307,74.92
29/01/2018,65.39,13363.5,97.43
30/01/2018,64.35,13432.5,97.73
31/01/2018,64.56,13388.5,75.72
01/02/2018,65.55,13427,62.5
02/02/2018,65.07,13451.5,54.87
05/02/2018,63.83,13525,143.48
06/02/2018,63.11,13552.5,139.23
07/02/2018,61.55,13553,181.95
08/02/2018,60.94,13605,146.44
09/02/2018,58.99,13627.5,218.07
12/02/2018,59.08,13657.5,150.57
13/02/2018,59.03,13657.5,86.6
14/02/2018,60.51,13628.5,103.3
15/02/2018,61.17,13558.5,128.18
16/02/2018,61.55,13558.5,157.74
18/02/2018,61.72,13558.5,90.67
19/02/2018,62.38,13560.5,88.57
20/02/2018,61.79,13612.5,80.79
21/02/2018,61.52,13618.5,85.85
22/02/2018,62.6,13682.5,276.61
23/02/2018,63.41,13667.5,227.28
26/02/2018,63.77,13660,245.96
27/02/2018,62.9,13675,182.93
28/02/2018,61.47,13745,121.29
01/03/2018,60.8,13747.5,67.04
02/03/2018,61.09,13757.5,50.52
05/03/2018,62.39,13762.5,144.55
06/03/2018,62.45,13775,107.04
07/03/2018,61.02,13766,77.4
08/03/2018,60.06,13785,108.02
09/03/2018,61.92,13781,105.62
12/03/2018,61.33,13770,71.37
13/03/2018,60.75,13750.5,97.21
14/03/2018,61.02,13736.5,171.01
15/03/2018,61.25,13747.5,204.2
16/03/2018,62.41,13749,180.24
19/03/2018,62.13,13764.5,210.32
20/03/2018,63.54,13750,107.31
21/03/2018,64.95,13762.5,90.93
22/03/2018,64.18,13752.5,65.09
23/03/2018,65.71,13782.5,128.39
26/03/2018,65.41,13740,106.1
27/03/2018,65.18,13742,110.05
28/03/2018,64.35,13763,103.36
29/03/2018,64.87,13765,102.6
30/03/2018,64.87,13765,96.48
02/04/2018,62.99,13754,66.55
03/04/2018,63.46,13764.5,120.57
04/04/2018,63.33,13766.5,77.94
05/04/2018,63.54,13766.5,208.9
06/04/2018,62.1,13773.5,177.17
09/04/2018,63.43,13764.5,115.72
10/04/2018,65.44,13749,100.66
11/04/2018,66.74,13758.5,113.19
12/04/2018,66.95,13769.5,98
13/04/2018,67.33,13752.5,112.5
16/04/2018,66.2,13774.5,94.17
17/04/2018,66.51,13766,55.38
18/04/2018,68.47,13774.5,93.1
19/04/2018,68.33,13781,35.43
20/04/2018,68.4,13877.5,44.07
23/04/2018,68.47,13895,114
24/04/2018,67.57,13887.5,140.66
25/04/2018,67.92,13920,67.03
26/04/2018,68.08,13887.5,114.77
27/04/2018,67.98,13890,80.1
30/04/2018,68.48,13912.5,94.77
01/05/2018,67.13,13912.5,120.33
02/05/2018,67.77,13945,53.32
03/05/2018,68.26,13937.5,100.2
04/05/2018,69.58,13940,125.11
07/05/2018,70.62,14000,107.2
08/05/2018,68.97,14050,113.88
09/05/2018,71.05,14080,66.25
10/05/2018,71.31,14080,71.32
11/05/2018,70.68,13950,170.75
14/05/2018,70.99,13970,198.39
15/05/2018,71.37,14037,145.29
16/05/2018,71.56,14093,135.81
17/05/2018,71.57,14052,95.55
18/05/2018,71.37,14152.5,77.6
21/05/2018,72.35,14185,77.94
22/05/2018,72.2,14138,127.92
23/05/2018,71.71,14207,169.71
24/05/2018,70.58,14135,136.3
25/05/2018,67.78,14120,215.32
27/05/2018,67.36,14120,145.5
28/05/2018,67.05,13990,181.9
29/05/2018,66.62,13990,75.98
30/05/2018,68.08,13990,202.68
31/05/2018,66.91,13895,232.36
01/06/2018,65.77,13895,159.37
04/06/2018,64.68,13872,102.84
05/06/2018,65.46,13879,138.91
06/06/2018,64.7,13852.5,126.86
07/06/2018,65.89,13870,73.75
08/06/2018,65.67,13930,177.33
11/06/2018,66.03,13930,250.01
12/06/2018,66.28,13930,149.31
13/06/2018,66.52,13930,95.29
14/06/2018,66.69,13930,86.64
15/06/2018,64.85,13930,130
18/06/2018,65.69,13930,65.24
19/06/2018,64.9,13930,126.38
20/06/2018,65.71,13930,85.88
21/06/2018,64.86,14103,142.65
22/06/2018,67.63,14080,121.71
25/06/2018,67.04,14155,133.69
26/06/2018,69.28,14178,67.7
27/06/2018,71.26,14178,57.11
28/06/2018,71.81,14390,253.1
29/06/2018,72.46,14330,188.15
02/07/2018,71.62,14380,202.49
03/07/2018,71.59,14380,152.65
04/07/2018,74.13,14352,132.7
05/07/2018,70.63,14385,45.15
06/07/2018,71.57,14370,90.02
09/07/2018,71.98,14325,63.7
10/07/2018,72.56,14360,125.11
11/07/2018,68.86,14385,138.88
12/07/2018,69.35,14380,84.8
13/07/2018,69.95,14380,120.09
16/07/2018,67.07,14375,104.75
17/07/2018,67.16,14370,88.93
18/07/2018,67.75,14405,172.78
19/07/2018,68.24,14475,129.69
20/07/2018,68.26,14480,163
23/07/2018,66.75,14490,139.59
24/07/2018,67.19,14530,107.49
25/07/2018,68.01,14460,95.89
26/07/2018,68.43,14460,97.24
27/07/2018,67.73,14417.5,55.39
30/07/2018,68.95,14410,133.39
31/07/2018,67.63,14420,132.11
01/08/2018,66.5,14440,150.35
02/08/2018,67.66,14475,72.12
03/08/2018,67.35,14492.5,63.87
06/08/2018,67.94,14470,60.64
07/08/2018,68.33,14440,148.88
08/08/2018,66.25,14435,90.38
09/08/2018,66.14,14410,108.68
10/08/2018,66.94,14475,83.91
13/08/2018,66.57,14595,151.48
14/08/2018,66.33,14580,79.36
15/08/2018,64.46,14600,95.7
16/08/2018,64.88,14610,61.34
17/08/2018,65.21,14610,95.96
20/08/2018,65.42,14590,115.26
21/08/2018,65.84,14580,85.93
22/08/2018,67.51,14580,68.34
23/08/2018,67.53,14630,87.71
24/08/2018,68.36,14642,98.54
27/08/2018,68.54,14620,111.01
28/08/2018,68.22,14622,108.02
29/08/2018,69.17,14655,118.03
30/08/2018,69.81,14690,121.04
31/08/2018,69.37,14730,72.26
02/09/2018,69.92,14730,60.99
03/09/2018,70.12,14815,36.4
04/09/2018,69.56,14935,104.01
05/09/2018,68.42,14935,110.13
06/09/2018,67.52,14890,119.09
07/09/2018,67.55,14820,83.76
10/09/2018,67.41,14857,94.87
11/09/2018,69.04,14857,62.33
12/09/2018,70.16,14825,49.63
13/09/2018,68.41,14840,97.43
14/09/2018,68.77,14805,68.25
17/09/2018,68.68,14877.5,75.86
18/09/2018,69.59,14855,188.31
19/09/2018,70.77,14875,88.23
20/09/2018,70.32,14845,43.89
21/09/2018,70.37,14819,105.5
24/09/2018,71.76,14867.5,132.5
25/09/2018,72.1,14920,113.53
26/09/2018,71.41,14905,181.09
27/09/2018,71.96,14917,109.61
28/09/2018,73.06,14901.5,107.6
01/10/2018,75.14,14910,51.85
02/10/2018,75.04,15045,59.55
03/10/2018,76.24,15075,83.04
04/10/2018,74.25,15170,111.66
05/10/2018,74.26,15180,71.93
08/10/2018,74.17,15217.5,119.27
09/10/2018,74.81,15230,49.27
10/10/2018,73.03,15203,26.96
11/10/2018,70.81,15235,60.78
12/10/2018,71.18,15205,57.03
15/10/2018,71.61,15210,144.84
16/10/2018,71.76,15200,143.44
17/10/2018,69.7,15155,48.65
18/10/2018,68.71,15193.5,74.13
19/10/2018,69.28,15187.5,55.61
22/10/2018,69.36,15185,16.44
23/10/2018,66.62,15190,164.18
24/10/2018,66.96,15197,101.45
25/10/2018,67.44,15187.5,99.85
26/10/2018,67.75,15216.5,111.56
29/10/2018,67.21,15220,110.04
30/10/2018,66.31,15223,21.39
31/10/2018,65.44,15202.5,34.65
01/11/2018,63.81,15127.5,64.41
02/11/2018,63.28,14952.5,133.24
05/11/2018,63.21,14976,109.02
06/11/2018,62.34,14802.5,64.61
07/11/2018,61.82,14580,89.09
08/11/2018,60.86,14540,55.4
09/11/2018,60.36,14685,96.34
12/11/2018,60.08,14815,142.7
13/11/2018,55.84,14810,97.68
14/11/2018,56.44,14787,80.26
15/11/2018,56.68,14677.5,104.08
16/11/2018,56.68,14611.5,90.98
19/11/2018,57.2,14590,37.32
20/11/2018,53.57,14590,53.29
21/11/2018,54.8,14605,67.39
22/11/2018,54.02,14577.5,78.64
23/11/2018,50.59,14540,93.05
26/11/2018,51.8,14475,94.13
27/11/2018,51.73,14513.5,69.98
28/11/2018,50.49,14527.5,67.18
29/11/2018,51.62,14382.5,89.53
30/11/2018,51.09,14302.5,73.61
03/12/2018,53.14,14240,97.95
04/12/2018,53.46,14290,115.55
05/12/2018,53.12,14395,128.48
06/12/2018,51.7,14520,121.56
07/12/2018,52.81,14470,93.79
10/12/2018,51.2,14555,47.66
11/12/2018,51.84,14600,96.58
12/12/2018,51.36,14597.5,188.69
13/12/2018,52.83,14497.5,138.02
14/12/2018,51.47,14585,146.36
17/12/2018,50.2,14575,66.52
18/12/2018,46.6,14500,78.95
19/12/2018,48.17,14442.5,30.46
20/12/2018,46.19,14470,82.17
21/12/2018,45.89,14555,77.14
24/12/2018,42.82,14555,71.72
25/12/2018,43.16,14555,95.51
26/12/2018,46.54,14575,167.51
27/12/2018,44.9,14560,83.79
28/12/2018,45.6,14560,63.25
31/12/2018,45.72,14380,58.96
01/01/2019,45.89,14380,58.75
02/01/2019,46.86,14450,128.26
03/01/2019,47.4,14410,82.81
04/01/2019,48.28,14270,102.11
07/01/2019,48.82,14090,68.95
08/01/2019,50.11,14145,71.32
09/01/2019,52.69,14125,130
10/01/2019,52.91,14055,129
11/01/2019,51.91,14045,136.35
14/01/2019,50.8,14124,82.49
15/01/2019,52.39,14092.5,65.84
16/01/2019,52.61,14122.5,43.26
17/01/2019,52.36,14180,32.48
18/01/2019,54.04,14175,76.44
20/01/2019,53.65,14175,95.89
21/01/2019,54.24,14222.5,102.41
22/01/2019,53.01,14215,52.32
23/01/2019,52.92,14180,30.99
24/01/2019,53.42,14165,72.01
25/01/2019,53.98,14085,53.43
28/01/2019,52.29,14070,84.58
29/01/2019,53.6,14095,56.74
30/01/2019,54.47,14130,76.44
31/01/2019,54.04,13972.5,93.48
01/02/2019,55.55,13940,72.1
04/02/2019,54.89,13955,36.4
05/02/2019,54,13955,44.66
06/02/2019,54.34,13922,124.5
07/02/2019,53,13972.5,73.42
08/02/2019,53.09,13965,37.5
11/02/2019,52.78,14040,69.7
12/02/2019,53.47,14068.5,53.12
13/02/2019,54.31,14057.5,50.92
14/02/2019,54.79,14090,64.83
15/02/2019,55.98,14142.5,91.54
17/02/2019,56.33,14142.5,91.38
18/02/2019,56.27,14106.5,72.12
19/02/2019,56.45,14102,53.79
20/02/2019,57.16,14040,74.93
21/02/2019,57.46,14063,48.8
22/02/2019,57.75,14057.5,37.22
25/02/2019,55.92,14017.5,90.38
26/02/2019,55.97,13991,65.6
27/02/2019,57.37,14030,70.13
28/02/2019,57.61,14065,93.71
01/03/2019,56.19,14115,151.31
04/03/2019,56.97,14130,47.11
05/03/2019,56.94,14120,55.79
06/03/2019,56.62,14140,108.15
07/03/2019,57.03,14140,88.45
08/03/2019,56.43,14310,134.18
11/03/2019,57.12,14290,106.1
12/03/2019,57.2,14265,101.21
13/03/2019,58.59,14265,106.65
14/03/2019,58.91,14267,72.64
15/03/2019,58.82,14259,135.9
18/03/2019,59.38,14237.5,119.59
19/03/2019,59.29,14230,95
20/03/2019,60.23,14185,189.41
21/03/2019,60.2,14140,173.33
22/03/2019,59.29,14165,86.77
25/03/2019,59.08,14180,61.63
26/03/2019,60.1,14170,95.19
27/03/2019,59.61,14195,134.78
28/03/2019,59.48,14242,171.26
29/03/2019,60.28,14240,162.07
01/04/2019,61.71,14225,84.12
02/04/2019,62.61,14220,148.64
03/04/2019,62.52,14220,54.6
04/04/2019,62.19,14180,81.38
05/04/2019,63.15,14125,90.82
08/04/2019,64.33,14163,91.53
09/04/2019,63.96,14133,176.91
10/04/2019,64.65,14150,48.48
11/04/2019,63.67,14135,119.91
12/04/2019,64.02,14092.5,44.87
15/04/2019,63.56,14060,139.22
16/04/2019,64.19,14085,105.72
17/04/2019,63.87,14085,70.67
18/04/2019,64.07,14042.5,69.1
19/04/2019,64.07,14042.5,100.5
22/04/2019,65.55,14075,101.63
23/04/2019,66.24,14075,84.4
24/04/2019,65.89,14095,102.21
25/04/2019,65.28,14185,213.29
26/04/2019,63.38,14187.5,102.49
29/04/2019,63.57,14200,296.52
30/04/2019,63.98,14250,117.61
01/05/2019,63.69,14250,95.67
02/05/2019,61.9,14250,96.12
03/05/2019,62.04,14255,194.29
06/05/2019,62.37,14292.5,178.37
07/05/2019,61.51,14280,234.36
08/05/2019,62.22,14295,214.14
09/05/2019,61.81,14350,71.07
10/05/2019,61.8,14325,48.05
13/05/2019,61.21,14415,29.31
14/05/2019,61.96,14430,88.52
15/05/2019,62.24,14460,150.57
16/05/2019,63.06,14450,193.13
17/05/2019,62.92,14450,146.27
20/05/2019,63.21,14455,91.8
21/05/2019,63.13,14480,93.78
22/05/2019,61.5,14525,52.58
23/05/2019,57.99,14460,134.54
24/05/2019,58.71,14392.5,155.35
26/05/2019,58.77,14392.5,186.62
27/05/2019,59.16,14380,125.34
28/05/2019,59.35,14375,139.02
29/05/2019,58.95,14400,64.47
30/05/2019,56.74,14400,22.95
31/05/2019,53.64,14275,79.7
03/06/2019,53.38,14275,125.37
04/06/2019,53.63,14275,284.19
05/06/2019,51.83,14275,233.39
06/06/2019,52.73,14275,163.63
07/06/2019,54.16,14275,99.88
10/06/2019,53.48,14250,98.32
11/06/2019,53.52,14237.5,125.73
12/06/2019,51.37,14235,112.64
13/06/2019,52.54,14280,150.57
14/06/2019,52.77,14325,152.69
17/06/2019,52.17,14335,92.46
18/06/2019,54.11,14322.5,55.54
19/06/2019,53.97,14269.5,35.24
20/06/2019,57.07,14182.5,125.67
21/06/2019,57.5,14155,81.85
24/06/2019,57.93,14140,179.17
25/06/2019,57.89,14125,153.59
26/06/2019,59.43,14175,140.56
27/06/2019,59.49,14140,108.21
28/06/2019,58.52,14127.5,84.35
01/07/2019,59.14,14112.5,102.57
02/07/2019,56.34,14137.5,71.24
03/07/2019,57.44,14117.5,141.91
04/07/2019,56.8,14140,92.14
05/07/2019,57.59,14082.5,186.23
08/07/2019,57.76,14110,90.71
09/07/2019,57.94,14130,54.56
10/07/2019,60.52,14130,146.14
11/07/2019,60.28,14065,178.04
12/07/2019,60.3,14007,108.61
15/07/2019,59.68,13919.5,88.73
16/07/2019,57.74,13935,116.16
17/07/2019,56.92,13980,79.71
18/07/2019,55.42,13960,91.43
19/07/2019,55.76,13935,135.01
22/07/2019,56.22,13945,155.89
23/07/2019,56.85,13984,140.87
24/07/2019,56,13993,188.49
25/07/2019,56.16,13977.5,69.98
26/07/2019,56.33,14004,125.57
29/07/2019,56.96,14020,24.54
30/07/2019,58.11,14020,47.08
31/07/2019,58.63,14017,99.42
01/08/2019,54.01,14116,121.34
02/08/2019,55.67,14180,93.6
05/08/2019,54.58,14255,57.31
06/08/2019,53.59,14265,29.68
07/08/2019,51.03,14222.5,47.91
08/08/2019,52.46,14208,87.78
09/08/2019,54.37,14190,137.23
12/08/2019,54.85,14247.5,130.6
13/08/2019,57.1,14317.5,88.44
14/08/2019,55.25,14245,141.04
15/08/2019,54.42,14267.5,38.6
16/08/2019,54.81,14235,59.29
19/08/2019,56.14,14235,123.03
20/08/2019,56.13,14260,146.82
21/08/2019,55.49,14240,49.22
22/08/2019,55.16,14235,119.57
23/08/2019,54.02,14212.5,128.33
26/08/2019,53.5,14240,82.66
27/08/2019,54.77,14255,68.07
28/08/2019,55.6,14255,170.47
29/08/2019,56.45,14237.5,121.88
30/08/2019,54.89,14185,125.25
01/09/2019,54.8,14185,172.86
02/09/2019,54.66,14194,125.48
03/09/2019,53.76,14225,102.95
04/09/2019,56.1,14152.5,104.61
05/09/2019,56.16,14150,168.76
06/09/2019,56.43,14095,100.8
09/09/2019,57.73,14031,88.57
10/09/2019,57.29,14050,143.05
11/09/2019,55.67,14060,54.1
12/09/2019,55.05,13990,121.86
13/09/2019,54.8,13965,72.71
16/09/2019,62.67,14040,161.71
17/09/2019,59.1,14095,161.13
18/09/2019,58.04,14060,105.16
19/09/2019,58.19,14060,107.87
20/09/2019,58.09,14055,119.33
23/09/2019,58.42,14085,38.48
24/09/2019,57.08,14112.5,23.49
25/09/2019,56.32,14150,118.86
26/09/2019,56.28,14177.5,109.94
27/09/2019,55.79,14165,140.03
30/09/2019,53.98,14195,121.88
01/10/2019,53.5,14212.5,147.88
02/10/2019,52.51,14195,84.68
03/10/2019,52.36,14172.5,53.93
04/10/2019,52.74,14135,162.55
07/10/2019,52.71,14162.5,200.46
08/10/2019,52.62,14155,129.06
09/10/2019,52.61,14170,170.89
10/10/2019,53.56,14151.5,121.94
11/10/2019,54.78,14128,156.45
14/10/2019,53.65,14139,85.74
15/10/2019,52.88,14165,142.48
16/10/2019,53.45,14169,136.4
17/10/2019,54.03,14148,111.39
18/10/2019,53.87,14144.5,128.16
21/10/2019,53.51,14078,107.13
22/10/2019,54.48,14040,54.92
23/10/2019,55.99,14029,57.11
24/10/2019,56.27,14059,106.86
25/10/2019,56.71,14035,152
28/10/2019,55.9,14025,119.33
29/10/2019,55.68,14025,120.29
30/10/2019,55.1,14027,44.46
31/10/2019,54.25,14037,72.99
01/11/2019,56.27,14035,43.4
04/11/2019,56.6,14015,109.46
05/11/2019,57.29,13967.5,134.44
06/11/2019,56.38,14015,139.9
07/11/2019,57.15,13994.5,86.17
08/11/2019,57.26,14014,62.03
11/11/2019,56.9,14063,80.25
12/11/2019,56.85,14055,49.13
13/11/2019,57.2,14081,94.17
14/11/2019,56.88,14085,14.36
15/11/2019,57.83,14073,85.93
18/11/2019,57.14,14076.5,97.69
19/11/2019,55.35,14090,87.87
20/11/2019,57.01,14094.5,59.63
21/11/2019,58.41,14087.5,47.52
22/11/2019,57.66,14085,55.42
25/11/2019,57.91,14075,81.84
26/11/2019,58.32,14085,80.89
27/11/2019,58.05,14095,68.57
28/11/2019,58.08,14090,118.31
29/11/2019,55.14,14105,63.41
02/12/2019,55.91,14125,7.23
03/12/2019,56.03,14105,91.08
04/12/2019,58.34,14105,105.01
05/12/2019,58.34,14065,58.63
06/12/2019,59.1,14037.5,107.93
09/12/2019,58.92,14015,113.79
10/12/2019,59.14,14010,37.81
11/12/2019,58.65,14035,27.95
12/12/2019,59.06,14025,143.44
13/12/2019,59.98,13985,95.44
16/12/2019,60.14,14005,110.16
17/12/2019,60.87,13990,73.7
18/12/2019,60.85,13975,81.46
19/12/2019,61.18,13985,44.05
20/12/2019,60.25,13977.5,36.24
23/12/2019,60.35,13967.5,120.77
24/12/2019,60.94,13967.5,36.01
25/12/2019,61.19,13967.5,94.42
26/12/2019,61.48,13955,69.01
27/12/2019,61.53,13950,78.22
30/12/2019,61.44,13924.5,50.72
31/12/2019,60.77,13882.5,42.56
01/01/2020,61.33,13882.5,49.11
02/01/2020,60.95,13889,95.88
03/01/2020,62.82,13925,104.2
06/01/2020,63.04,13940,130.71
07/01/2020,62.51,13875,87.07
08/01/2020,59.46,13892.5,48.1
09/01/2020,59.44,13850,81.79
10/01/2020,58.99,13762.5,122.86
13/01/2020,58.08,13668,134.62
14/01/2020,58.26,13670,117.82
15/01/2020,57.84,13665,127.06
16/01/2020,58.53,13630,106.2
17/01/2020,58.58,13637.5,86.23
19/01/2020,59.27,13637.5,35.09
20/01/2020,58.73,13632.5,83.92
21/01/2020,58.38,13657.5,108.82
22/01/2020,56.76,13644.5,127.58
23/01/2020,55.61,13630,141.05
24/01/2020,54.2,13572.5,159.1
27/01/2020,53.18,13605,94.45
28/01/2020,53.52,13637.5,51.07
29/01/2020,53.41,13627.5,94.36
30/01/2020,52.23,13645,109.74
31/01/2020,51.68,13655,81.53
03/02/2020,50.28,13742.5,101.45
04/02/2020,49.8,13710,103.39
05/02/2020,50.92,13675,47.92
06/02/2020,51.14,13620,44.34
07/02/2020,50.55,13675,114.68
10/02/2020,49.78,13695,62.59
11/02/2020,50.17,13665,140.43
12/02/2020,51.41,13660,60.82
13/02/2020,51.66,13680,114.37
14/02/2020,52.32,13675,37.61
16/02/2020,52.36,13675,22.59
17/02/2020,52.2,13652.5,42.74
18/02/2020,52.29,13665,142.28
19/02/2020,53.49,13687.5,33.38
20/02/2020,53.88,13707.5,106.86
21/02/2020,53.5,13765,44.55
24/02/2020,51.58,13870,45.59
25/02/2020,50.06,13882.5,34.8
26/02/2020,48.88,13932.5,55.67
27/02/2020,47.29,14035,58.04
28/02/2020,44.94,14347.5,84.63
02/03/2020,46.92,14265,58.46
03/03/2020,47.33,14281.5,135.3
04/03/2020,46.95,14115,70.05
05/03/2020,46.06,14170,62.21
06/03/2020,41.51,14230,101.26
09/03/2020,31.47,14392.5,129.9
10/03/2020,34.73,14346,100.89
11/03/2020,33.39,14352.5,96.02
12/03/2020,31.98,14521.5,142.19
13/03/2020,32.11,14770,53.18
16/03/2020,29,14925,21.42
17/03/2020,27.33,15170,50.19
18/03/2020,20.83,15217.5,99.66
19/03/2020,25.91,15912.5,103.39
20/03/2020,22.63,15925,131.28
23/03/2020,25.48,16575,196.08
24/03/2020,26.2,16500,76.75
25/03/2020,27.16,16500,35.62
26/03/2020,25.71,16305,90.95
27/03/2020,25.15,16140,95.39
30/03/2020,24.09,16337.5,85.98
31/03/2020,24.51,16310,132.15
01/04/2020,23.74,16450,120.08
02/04/2020,28.05,16475,76.8
03/04/2020,30.9,16425,39.25
06/04/2020,29.98,16412.5,72.8
07/04/2020,28.69,16175,72.22
08/04/2020,30.17,16175,62.33
09/04/2020,28.82,15820,162.69
13/04/2020,29.26,15630,210.32
14/04/2020,27.4,15630,64.05
15/04/2020,26.04,15565,81.79
16/04/2020,25.53,15640,111.24
17/04/2020,25.03,15430,65.6
20/04/2020,20.43,15412.5,63.1
21/04/2020,11.57,15455,30.22
22/04/2020,20.69,15450,102.01
23/04/2020,21.44,15400,58.2
24/04/2020,21.22,15400,32.56
27/04/2020,18.08,15385,86.68
28/04/2020,17.6,15422.5,83.74
29/04/2020,19.12,15295,189.86
30/04/2020,21.85,14875,9.49
01/05/2020,22.29,14875,99.02
04/05/2020,22.78,15100,40.48
05/05/2020,26.49,15080,40.5
06/05/2020,25.62,15045,83.16
07/05/2020,24.83,15045,67.88
08/05/2020,26.17,14920,106.43
11/05/2020,25.08,14895,76.84
12/05/2020,26.33,14905,101.24
13/05/2020,25.68,14865,51.76
14/05/2020,27.88,14885,37.73
15/05/2020,29.52,14860,89.27
18/05/2020,31.65,14850,102.54
19/05/2020,31.96,14770,92.77
20/05/2020,33.94,14710,160.64
21/05/2020,34.34,14710,112.83
22/05/2020,33.65,14710,22.32
24/05/2020,32.9,14710,47.83
25/05/2020,33.92,14710,70.8
26/05/2020,34.77,14755,144.77
27/05/2020,33.23,14710,58.19
28/05/2020,34.06,14715,91.32
29/05/2020,35.84,14610,91.14
01/06/2020,35.79,14610,40.13
02/06/2020,37.06,14415,75.63
03/06/2020,37.59,14095,101.15
04/06/2020,37.72,14095,101.45
05/06/2020,39.8,13870,173.69
08/06/2020,38.43,13885,148.14
09/06/2020,39.16,13890,113.57
10/06/2020,39.78,13980,75.84
11/06/2020,36.57,14015,82.25
12/06/2020,36.51,14125,179.98
15/06/2020,37.43,14115,106.41
16/06/2020,38.65,14090,103.1
17/06/2020,38.21,14082.5,92.48
18/06/2020,39.05,14085,62.35
19/06/2020,39.83,14100,30.33
22/06/2020,40.73,14185,39.16
23/06/2020,40.51,14160,96.53
24/06/2020,38.21,14130,69.22
25/06/2020,38.91,14175,88.73
26/06/2020,38.65,14220,76.54
29/06/2020,39.81,14245,145.11
30/06/2020,39.34,14255,61.66
01/07/2020,39.92,14265,86.23
02/07/2020,40.76,14378.5,67.15
03/07/2020,40.28,14510,116.57
06/07/2020,40.73,14490,171.34
07/07/2020,40.7,14440,116.55
08/07/2020,41.04,14410,69.44
09/07/2020,39.83,14395,46.91
10/07/2020,40.76,14435,74.98
13/07/2020,40.32,14425,139.02
14/07/2020,40.55,14450,124.92
15/07/2020,41.4,14587.5,160.56
16/07/2020,40.93,14625,162.63
17/07/2020,40.75,14695,184.5
20/07/2020,40.92,14785,131.75
21/07/2020,41.92,14738.5,77.76
22/07/2020,42.04,14650,62.96
23/07/2020,41.21,14580,103.08
24/07/2020,41.45,14610,81.01
27/07/2020,41.8,14520,91.1
28/07/2020,41.28,14535,55.01
29/07/2020,41.54,14535,81.61
30/07/2020,40.24,14600,23.22
31/07/2020,40.57,14600,44.9
03/08/2020,41.31,14630,101.32
04/08/2020,41.91,14620,115.26
05/08/2020,42.43,14550,66.67
06/08/2020,42.2,14585,61.12
07/08/2020,41.49,14580,81.61
10/08/2020,42.17,14590,32.56
11/08/2020,41.87,14620,79.94
12/08/2020,42.95,14685,107.43
13/08/2020,42.52,14700,60.31
14/08/2020,42.31,14720,88.87
17/08/2020,43.17,14720,122.84
18/08/2020,43.12,14830,77.73
19/08/2020,43.11,14770,67.19
20/08/2020,42.82,14770,51.39
21/08/2020,42.62,14770,88.73
24/08/2020,42.93,14670,80.9
25/08/2020,43.65,14640,81.35
26/08/2020,43.69,14670,77.67
27/08/2020,43.31,14650,67.23
28/08/2020,43.29,14615,22.33
31/08/2020,42.9,14560,65.45
01/09/2020,43.08,14565,60.65
02/09/2020,41.85,14740,83.97
03/09/2020,41.72,14760,72.57
04/09/2020,40.15,14740,71.19
06/09/2020,38.75,14740,58.6
07/09/2020,39.2,14730,15.52
08/09/2020,37.19,14760,96.83
09/09/2020,38.41,14780,167.54
10/09/2020,37.66,14820,76.35
11/09/2020,37.65,14860,104.2
14/09/2020,37.56,14860,103.63
15/09/2020,38.55,14835,81.1
16/09/2020,40.41,14825,51.87
17/09/2020,41.22,14820,56.67
18/09/2020,41.32,14730,124.46
21/09/2020,39.54,14690,67.7
22/09/2020,39.8,14750,54.6
23/09/2020,40.22,14780,51.31
24/09/2020,40.58,14845,46.24
25/09/2020,40.51,14845,86.96
28/09/2020,40.87,14850,95.93
29/09/2020,39.56,14845,156.5
30/09/2020,40.47,14840,88.27
01/10/2020,39.01,14820,99.63
02/10/2020,37.34,14830,129.57
05/10/2020,39.5,14790,53.72
06/10/2020,40.93,14710,29.71
07/10/2020,40.23,14690,68.81
08/10/2020,41.47,14685,49.37
09/10/2020,40.91,14675,61.52
12/10/2020,39.73,14680,186.33
13/10/2020,40.49,14680,70.15
14/10/2020,41.34,14680,51.81
15/10/2020,41.24,14660,93.31
16/10/2020,41.12,14670,134.99
19/10/2020,41.06,14670,122.51
20/10/2020,41.7,14650,56.74
21/10/2020,40.31,14610,167.13
22/10/2020,40.94,14640,135.96
23/10/2020,40.15,14650,56.26
26/10/2020,38.89,14630,31.18
27/10/2020,39.87,14620,130.95
28/10/2020,37.72,14620,248.68
29/10/2020,36.51,14620,184.76
30/10/2020,36.15,14620,158.54
02/11/2020,37.18,14625,141.05
03/11/2020,37.99,14570,81.71
04/11/2020,39.47,14540,57.24
05/11/2020,39.11,14370,102.84
06/11/2020,37.49,14190,131.19
09/11/2020,40.62,14050,93.18
10/11/2020,41.67,14040,102.54
11/11/2020,41.74,14070,148.69
12/11/2020,41.41,14140,64.11
13/11/2020,40.4,14150,39.72
16/11/2020,41.57,14100,43.34
17/11/2020,41.65,14030,69.46
18/11/2020,42.01,14050,67.51
19/11/2020,41.9,14140,120.23
20/11/2020,42.42,14150,104.56
23/11/2020,43.28,14130,130.16
24/11/2020,45.11,14140,28.99
25/11/2020,45.91,14130,129.25
26/11/2020,44.98,14090,69.4
27/11/2020,45.74,14070,122.39
30/11/2020,45.51,14090,82.92
01/12/2020,44.73,14100,69.92
02/12/2020,45.44,14090,50.87
03/12/2020,45.79,14100,53.93
04/12/2020,46.42,14085,56.93
07/12/2020,45.95,14080,74.29
08/12/2020,45.8,14080,95.03
09/12/2020,45.72,14080,114.67
10/12/2020,46.96,14090,192.64
11/12/2020,46.75,14070,108.25
14/12/2020,47.15,14070,62.5
15/12/2020,47.78,14090,126.36
16/12/2020,48,14090,157.74
17/12/2020,48.54,14085,135.55
18/12/2020,49.24,14080,72.57
21/12/2020,47.97,14100,126
22/12/2020,47.16,14145,167.47
23/12/2020,48.24,14150,99.31
24/12/2020,48.35,14150,171.25
28/12/2020,47.77,14140,82.02
29/12/2020,48.14,14110,123.76
30/12/2020,48.5,14040,134.94
31/12/2020,48.63,14040,153.9
01/01/2021,48.63,14213.7,83.28
04/01/2021,47.76,13885,23.66
05/01/2021,50.01,13900,112.52
06/01/2021,50.69,13880,138.22
07/01/2021,50.87,13890,66.82
08/01/2021,52.26,13980,105.83
11/01/2021,52.27,14080,98.35
12/01/2021,53.24,14120,52.01
13/01/2021,52.96,14055,52.03
14/01/2021,53.62,14050,53.51
15/01/2021,52.42,14010,96.65
17/01/2021,52.2,14010,100.78
18/01/2021,52.36,14060,119.68
19/01/2021,52.98,14050,107.37
20/01/2021,53.31,14020,77.71
21/01/2021,53.05,13980,31.32
22/01/2021,52.19,14020,31.06
25/01/2021,52.67,14010,76.37
26/01/2021,52.52,14040,147.23
27/01/2021,52.73,14035,102.68
28/01/2021,52.24,14050,48.78
29/01/2021,52.08,14020,86.82
01/02/2021,53.42,14010,61.02
02/02/2021,54.62,14020,193.02
03/02/2021,55.54,14000,139.27
04/02/2021,56.07,14010,99.52
05/02/2021,56.7,14020,74.44
08/02/2021,57.83,13995,137.65
09/02/2021,58.25,13990,62.81
10/02/2021,58.57,13980,31.78
11/02/2021,58.14,13970,137.61
12/02/2021,59.38,13970,152.36
14/02/2021,60.37,13970,89.66
15/02/2021,60.09,13910,107.73
16/02/2021,60.08,13920,110.99
17/02/2021,61.16,14010,112.18
18/02/2021,60.53,14010,115.36
19/02/2021,59.26,14060,103.52
22/02/2021,61.7,14110,270.94
23/02/2021,61.43,14090,106
24/02/2021,63,14080,144.63
25/02/2021,63.22,14080,105.86
26/02/2021,61.23,14240,90.66
01/03/2021,60.42,14250,76.15
02/03/2021,59.57,14300,151.52
03/03/2021,61.1,14240,40.67
04/03/2021,63.62,14260,105.77
05/03/2021,65.92,14290,96.89
08/03/2021,64.93,14350,104.61
09/03/2021,63.99,14390,99.68
10/03/2021,64.42,14395,88.66
11/03/2021,66,14395,127.85
12/03/2021,65.64,14380,76.68
15/03/2021,65.44,14395,114.39
16/03/2021,64.86,14400,147.97
17/03/2021,64.63,14425,96.78
18/03/2021,60.06,14390,66.05
19/03/2021,61.44,14400,83.02
22/03/2021,61.56,14400,121.19
23/03/2021,57.78,14390,178.1
24/03/2021,61.16,14420,83.47
25/03/2021,58.57,14420,76.37
26/03/2021,60.96,14410,45.78
29/03/2021,61.53,14440,37.03
30/03/2021,60.56,14470,35.54
31/03/2021,59.18,14520,118.91
01/04/2021,61.48,14520,83.73
05/04/2021,58.68,14510,89.65
06/04/2021,59.37,14500,81.01
07/04/2021,59.81,14490,81.74
08/04/2021,59.63,14530,18.95
09/04/2021,59.35,14560,64.95
12/04/2021,59.75,14590,72.86
13/04/2021,60.24,14600,104.88
14/04/2021,63.22,14600,98.75
15/04/2021,63.51,14600,79.5
16/04/2021,63.19,14560,70.57
19/04/2021,63.43,14545,46.44
20/04/2021,62.67,14495,74.36
21/04/2021,61.27,14525,178.92
22/04/2021,61.34,14515,253.34
23/04/2021,62.02,14520,115.36
26/04/2021,61.8,14480,157.13
27/04/2021,62.8,14480,126.96
28/04/2021,63.75,14495,80.56
29/04/2021,64.88,14445,108.33
30/04/2021,63.48,14440,52.58
03/05/2021,64.41,14445,103.24
04/05/2021,65.61,14425,124.11
05/05/2021,65.59,14430,70.67
06/05/2021,64.67,14315,88.06
07/05/2021,64.88,14280,38.83
10/05/2021,64.93,14195,61.06
11/05/2021,65.3,14195,95.55
12/05/2021,66.1,14195,90.14
13/05/2021,63.84,14195,69.65
14/05/2021,65.36,14195,46.48
17/05/2021,66.28,14280,111.27
18/05/2021,65.5,14270,54.15
19/05/2021,63.35,14275,38.97
20/05/2021,61.94,14370,52.96
21/05/2021,63.36,14350,118.78
24/05/2021,65.78,14350,82.47
25/05/2021,65.79,14325,165.17
26/05/2021,65.96,14325,204.32
27/05/2021,66.6,14285,103.07
28/05/2021,66.1,14280,94.85
30/05/2021,66.59,14280,118.48
31/05/2021,66.96,14275,108.07
01/06/2021,67.52,14275,193.5
02/06/2021,68.63,14275,114.77
03/06/2021,68.6,14280,106.58
04/06/2021,69.39,14290,113.19
07/06/2021,69.04,14260,36.48
08/06/2021,69.87,14250,93.44
09/06/2021,69.79,14250,54.3
10/06/2021,70.09,14245,97.06
11/06/2021,70.6,14188,116.31
14/06/2021,70.63,14200,140.87
15/06/2021,71.86,14220,28.69
16/06/2021,71.95,14235,7.67
17/06/2021,70.78,14350,98.3
18/06/2021,71.29,14370,95.01
21/06/2021,73.12,14425,113.29
22/06/2021,72.85,14400,83.14
23/06/2021,72.36,14430,100.66
24/06/2021,72.63,14435,60.81
25/06/2021,73.33,14420,54.3
28/06/2021,72.2,14440,59.24
29/06/2021,72.31,14480,77.94
30/06/2021,72.77,14495,85.79
01/07/2021,74.33,14500,63.62
02/07/2021,74.36,14530,98.94
04/07/2021,75.14,14530,26.86
05/07/2021,76.25,14476,55.61
06/07/2021,72.58,14465,92.59
07/07/2021,71.5,14480,62.41
08/07/2021,72.22,14520,160.15
09/07/2021,73.81,14525,85.79
12/07/2021,73.44,14490,75.07
13/07/2021,74.69,14462,69.26
14/07/2021,72.64,14475,73.94
15/07/2021,71.38,14480,109.1
16/07/2021,71.56,14495,61.17
19/07/2021,66.35,14515,101.93
20/07/2021,67.2,14515,62.9
21/07/2021,69.57,14540,64.28
22/07/2021,71.14,14480,37.22
23/07/2021,71.38,14490,52.46
26/07/2021,71.34,14480,36.63
27/07/2021,71.14,14490,70.48
28/07/2021,71.79,14485,93.25
29/07/2021,72.98,14480,38.01
30/07/2021,73.23,14460,108.38
02/08/2021,70.61,14420,72.47
03/08/2021,70.03,14340,59.46
04/08/2021,67.79,14310,77.88
05/08/2021,68.74,14340,85.84
06/08/2021,68.1,14350,47.66
09/08/2021,66.3,14360,103.15
10/08/2021,68.06,14380,88.66
11/08/2021,69.02,14380,12.23
12/08/2021,68.9,14380,37.47
13/08/2021,68.21,14385,82.81
16/08/2021,67.05,14370,76.31
17/08/2021,66.34,14370,97.43
18/08/2021,65.21,14370,97.69
19/08/2021,63.5,14400,99.63
20/08/2021,62.14,14450,48.31
23/08/2021,65.34,14410,48.36
24/08/2021,67.25,14390,94.93
25/08/2021,68.06,14395,82.33
26/08/2021,67.1,14415,119.12
27/08/2021,68.48,14415,69.01
30/08/2021,68.93,14368,49.51
31/08/2021,68.26,14265,52.76
01/09/2021,68.32,14280,25.42
02/09/2021,69.73,14270,34.81
03/09/2021,69.07,14260,58.22
05/09/2021,68.75,14260,45.38
06/09/2021,68.8,14220,44.17
07/09/2021,68.13,14210,111.91
08/09/2021,69.05,14250,60.94
09/09/2021,67.92,14250,36.3
10/09/2021,69.47,14200,128.64
13/09/2021,70.19,14250,165.35
14/09/2021,70.23,14245,114.53
15/09/2021,72.33,14240,163.18
16/09/2021,72.37,14250,80.79
17/09/2021,71.82,14225,229.99
20/09/2021,70.14,14240,199.25
21/09/2021,70.49,14235,251.99
22/09/2021,71.89,14240,413.46
23/09/2021,72.95,14240,180.61
24/09/2021,73.61,14255,394.46
27/09/2021,75.08,14250,167.3
28/09/2021,74.9,14270,120.16
29/09/2021,74.5,14290,175.73
30/09/2021,74.7,14310,152.73
01/10/2021,75.58,14305,131.78
04/10/2021,77.33,14265,153.53
05/10/2021,78.57,14248,145.95
06/10/2021,77.06,14250,129.82
07/10/2021,77.96,14215,38.82
08/10/2021,78.76,14220,93.31
11/10/2021,79.92,14205,119.12
12/10/2021,79.92,14215,119.33
13/10/2021,79.82,14215,77.99
14/10/2021,80.77,14115,93.07
15/10/2021,81.73,14070,51.96
18/10/2021,81.69,14105,33.13
19/10/2021,82.44,14073,23.33
20/10/2021,83.42,14073,72.01
21/10/2021,81.36,14120,99.59
22/10/2021,82.5,14120,47.02
25/10/2021,82.61,14155,188.07
26/10/2021,83.36,14150,73.98
27/10/2021,81.48,14170,89.05
28/10/2021,81.46,14170,41.15
29/10/2021,81.78,14165,107.52
01/11/2021,82.45,14245,143.61
02/11/2021,82.44,14250,68.35
03/11/2021,79.57,14295,90.63
04/11/2021,77.7,14335,78.96
05/11/2021,80.13,14325,31.17
08/11/2021,80.74,14255,31.47
09/11/2021,82.56,14240,24.76
10/11/2021,80.06,14250,90.26
11/11/2021,80.42,14260,62.03
12/11/2021,79.69,14233,58.85
15/11/2021,79.75,14210,89.18
16/11/2021,79.74,14220,53.96
17/11/2021,77.55,14240,73.43
18/11/2021,78.41,14225,84.65
19/11/2021,75.94,14235,83.43
22/11/2021,76.12,14245,54.75
23/11/2021,77.94,14255,111.31
24/11/2021,77.81,14255,103.92
25/11/2021,77.41,14265,77.34
26/11/2021,67.84,14300,37.9
29/11/2021,69.62,14320,80.92
30/11/2021,65.85,14320,115.45
01/12/2021,65.37,14340,102.6
02/12/2021,66.27,14375,63.97
03/12/2021,66.1,14395,55.14
06/12/2021,69.3,14435,90.32
07/12/2021,71.84,14375,53.68
08/12/2021,72.18,14355,106.23
09/12/2021,70.79,14350,123.04
10/12/2021,71.48,14370,144.92
13/12/2021,71.06,14340,79.18
14/12/2021,70.52,14330,51.33
15/12/2021,70.66,14330,64.26
16/12/2021,72.15,14340,65.09
17/12/2021,70.72,14365,72.8
20/12/2021,68.61,14375,71.65
21/12/2021,70.82,14313,90.98
22/12/2021,72.33,14285,74.84
23/12/2021,73.42,14247,68.07
24/12/2021,73.42,14220,66.95
27/12/2021,75.18,14225,32.08
28/12/2021,75.6,14225,34.45
29/12/2021,76.18,14250,99.09
30/12/2021,76.61,14265,87.61
31/12/2021,74.88,14250,89.17
03/01/2022,75.85,14264,57.8
04/01/2022,76.74,14300,59.94
05/01/2022,77.47,14355,79.82
06/01/2022,78.88,14390,121.19
07/01/2022,78.44,14355,191.01
10/01/2022,77.7,14305,53.36
11/01/2022,80.67,14300,56.71
12/01/2022,82.02,14315,52.13
13/01/2022,81.62,14290,67.87
14/01/2022,83.3,14295,157.74
16/01/2022,83.83,14295,103.52
17/01/2022,83.69,14315,89.26
18/01/2022,84.83,14335,65.6
19/01/2022,85.8,14360,47.59
20/01/2022,85.55,14335,84.58
21/01/2022,84.14,14335,76.5
24/01/2022,82.41,14340,95.14
25/01/2022,84.37,14350,99.33
26/01/2022,85.96,14350,106.53
27/01/2022,85.29,14385,78.21
28/01/2022,85.43,14385,60.91
31/01/2022,86.49,14380,85.49
01/02/2022,86.46,14380,42.93
02/02/2022,86.69,14355,42.69
03/02/2022,88.45,14375,88.78
04/02/2022,90.33,14378,91.17
07/02/2022,89.77,14395,89.53
08/02/2022,87.9,14390,48.46
09/02/2022,88.53,14355,73.51
10/02/2022,88.56,14340,43.83
11/02/2022,91.42,14350,37.47
14/02/2022,93.5,14325,25.88
15/02/2022,90.21,14300,54.08
16/02/2022,91.83,14255,137.26
17/02/2022,90.04,14315,100.94
18/02/2022,90.21,14325,45.83
20/02/2022,91.62,14325,48.61
21/02/2022,92.65,14325,41
22/02/2022,91.91,14361,49
23/02/2022,90.69,14335,95.69
24/02/2022,90.94,14380,79.46
25/02/2022,89.89,14365,56.95
28/02/2022,93.5,14365,60.41
01/03/2022,100.21,14335,69.96
02/03/2022,107.06,14385,26.15
03/03/2022,104.61,14385,59.6
04/03/2022,112.11,14385,41.64
07/03/2022,115.8,14405,80.79
08/03/2022,119.65,14395,56.15
09/03/2022,105.05,14345,70.48
10/03/2022,102.99,14275,24.67
11/03/2022,106.3,14300,41.72
14/03/2022,101.18,14330,37.91
15/03/2022,94.79,14325,39.44
16/03/2022,93.59,14310,59.53
17/03/2022,101.65,14300,82.13
18/03/2022,103.09,14340,45.82
21/03/2022,109.97,14338,51.98
22/03/2022,109.27,14356,75.48
23/03/2022,111.99,14345,135.1
24/03/2022,109.43,14344,99.48
25/03/2022,111.06,14340,99.69
28/03/2022,103.42,14362,73.21
29/03/2022,102.05,14363,135.65
30/03/2022,105.68,14340,36.33
31/03/2022,98.52,14368,17.76
01/04/2022,97.9,14365,129.13
04/04/2022,101.84,14353,120.36
05/04/2022,100.68,14345,23.43
06/04/2022,95.41,14355,61.02
07/04/2022,95.51,14358,137.45
08/04/2022,97.73,14360,84.25
11/04/2022,93.92,14365,77.84
12/04/2022,100.15,14360,53.9
13/04/2022,103.79,14362,83.04
14/04/2022,106.38,14343,114.53
18/04/2022,107.61,14353,36.15
19/04/2022,102.05,14335,109.98
20/04/2022,102.19,14355,55.09
21/04/2022,102.96,14343,60.86
22/04/2022,101.05,14356,65.65
25/04/2022,97.67,14455,68.3
26/04/2022,100.41,14410,95.69
27/04/2022,100.68,14420,87.41
28/04/2022,103.47,14495,73.61
29/04/2022,102.94,14495,58.86
02/05/2022,103.42,14495,26.86
03/05/2022,100.9,14495,102.87
04/05/2022,106.22,14495,79.2
05/05/2022,106.74,14495,151.38
06/05/2022,108.33,14495,101.32
09/05/2022,101.77,14555,53.82
10/05/2022,98.45,14555,82.13
11/05/2022,104.03,14555,43.47
12/05/2022,104.4,14595,131.45
13/05/2022,108.63,14610,56.38
16/05/2022,111.82,14610,80.22
17/05/2022,109.63,14645,40.78
18/05/2022,107.04,14685,44.34
19/05/2022,109.89,14730,29.61
20/05/2022,110.28,14650,36.3
23/05/2022,107.54,14670,48.01
24/05/2022,107.2,14655,76.92
25/05/2022,107.75,14630,107.85
26/05/2022,111.25,14630,23.39
27/05/2022,112.23,14575,43.97
29/05/2022,115.61,14575,24.46
30/05/2022,117.61,14557,57.11
31/05/2022,111.91,14580,72.01
01/06/2022,112.72,14580,106.17
02/06/2022,114.3,14480,68.6
03/06/2022,116.23,14435,55.83
06/06/2022,116.06,14450,97.43
07/06/2022,117.1,14454,21.1
08/06/2022,119.78,14490,25.48
09/06/2022,119.09,14560,92.73
10/06/2022,118.12,14550,93.8
13/06/2022,118.25,14678,103.67
14/06/2022,116.26,14695,29.49
15/06/2022,113.09,14740,38.32
16/06/2022,115.25,14765,30.83
17/06/2022,107.99,14821,33.46
19/06/2022,108.94,14821,87.17
20/06/2022,108.84,14830,116.23
21/06/2022,109.52,14810,117.13
22/06/2022,103.99,14865,78.04
23/06/2022,101.58,14835,92.75
24/06/2022,104.45,14845,35.73
27/06/2022,106.38,14800,39.25
28/06/2022,108.89,14835,137.18
29/06/2022,107.01,14849,121.65
30/06/2022,103.1,14895,80.91
01/07/2022,105.39,14935,54.08
03/07/2022,108.19,14935,38.62
04/07/2022,110.4,14965,26.74
05/07/2022,96.52,14985,25.35
06/07/2022,94.98,14995,42.17
07/07/2022,99.25,14995,48.71
08/07/2022,101.53,14975,33.8
11/07/2022,101.21,14970,112.37
12/07/2022,93.31,14985,43.82
13/07/2022,93.83,14985,27.21
14/07/2022,92.83,14990,39.44
15/07/2022,94.57,14990,40.58
18/07/2022,99.42,14982,55.29
19/07/2022,100.74,14975,61.83
20/07/2022,99.88,14985,88.9
21/07/2022,93.78,15030,44.29
22/07/2022,92.43,15015,82.19
25/07/2022,94.42,14995,64.17
26/07/2022,92.88,14995,65.55
27/07/2022,95.29,15010,84.1
28/07/2022,94.65,14930,46.66
29/07/2022,96.75,14830,122.02
01/08/2022,92.39,14870,166.3
02/08/2022,93.22,14890,55.15
03/08/2022,89.74,14910,24.97
04/08/2022,87.56,14930,71.24
05/08/2022,88.08,14890,85.98
08/08/2022,89.93,14875,105.67
09/08/2022,89.67,14850,142.09
10/08/2022,91.2,14870,64.11
11/08/2022,93.53,14765,45.14
12/08/2022,91.46,14665,8.39
15/08/2022,88.85,14740,88.63
16/08/2022,86.16,14765,106.37
17/08/2022,87.69,14765,109.21
18/08/2022,90.11,14830,94.24
19/08/2022,90.44,14835,94.9
22/08/2022,90.36,14885,57.11
23/08/2022,93.25,14835,28.5
24/08/2022,94.4,14845,149.53
25/08/2022,92.19,14820,68.6
26/08/2022,92.39,14815,47.32
29/08/2022,96.19,14895,145.25
30/08/2022,91.17,14840,145.95
31/08/2022,89.03,14840,55.65
01/09/2022,86.22,14880,85.74
02/09/2022,86.48,14895,67.31
04/09/2022,88.25,14895,115.94
05/09/2022,88.96,14900,82.47
06/09/2022,86.51,14885,100.08
07/09/2022,81.63,14915,86.34
08/09/2022,83.07,14895,45.16
09/09/2022,86.36,14828,57.25
12/09/2022,87.41,14840,52.92
13/09/2022,86.89,14850,94.39
14/09/2022,88.05,14905,62.17
15/09/2022,84.65,14895,64.87
16/09/2022,84.76,14950,55.35
19/09/2022,85.36,14975,42.05
20/09/2022,83.94,14980,62.06
21/09/2022,82.43,14995,104.41
22/09/2022,83.03,15015,105.16
23/09/2022,78.25,15035,104.96
26/09/2022,76.18,15125,76
27/09/2022,77.81,15120,101.93
28/09/2022,81.24,15260,44.42
29/09/2022,80.42,15260,74.61
30/09/2022,78.72,15225,66.92
03/10/2022,82.7,15300,85.71
04/10/2022,85.5,15245,83.25
05/10/2022,86.84,15190,113.65
06/10/2022,87.59,15185,81.57
07/10/2022,91.35,15250,56.09
10/10/2022,89.84,15310,40.9
11/10/2022,87.97,15355,67.72
12/10/2022,86.06,15355,78.09
13/10/2022,87.95,15360,47.69
14/10/2022,84.65,15425,107.97
17/10/2022,84.53,15485,123.5
18/10/2022,82.07,15465,46.21
19/10/2022,84.52,15495,49.08
20/10/2022,84.51,15570,95.22
21/10/2022,83.95,15630,98.67
24/10/2022,83.59,15585,72.01
25/10/2022,84.31,15620,101.61
26/10/2022,86.68,15569,65.73
27/10/2022,87.83,15565,66.82
28/10/2022,86.61,15548,46.99
31/10/2022,85.4,15595,89.93
01/11/2022,87.19,15625,130.45
02/11/2022,88.86,15645,81.79
03/11/2022,87.18,15695,89.64
04/11/2022,91.45,15735,80.36
07/11/2022,90.73,15705,13.51
08/11/2022,88,15695,49.87
09/11/2022,85,15658,56.63
10/11/2022,85.66,15690,162.63
11/11/2022,88.16,15490,129.57
14/11/2022,85.16,15515,69.65
15/11/2022,86.25,15535,62.93
16/11/2022,85,15600,42.18
17/11/2022,81.4,15660,44.87
18/11/2022,80.11,15685,105.4
21/11/2022,80.04,15710,58.59
22/11/2022,80.73,15695,97.93
23/11/2022,78.07,15685,52.86
24/11/2022,77.95,15663,69.19
25/11/2022,76.43,15670,33.8
28/11/2022,77.33,15720,66.58
29/11/2022,78.28,15740,70.6
30/11/2022,80.66,15730,45.82
01/12/2022,81.14,15560,109.74
02/12/2022,80.05,15425,49.04
05/12/2022,77.08,15465,94.16
06/12/2022,74.46,15615,47.32
07/12/2022,72.28,15635,48.83
08/12/2022,71.58,15620,36.76
09/12/2022,71.21,15582,104.29
12/12/2022,73.28,15625,23.36
13/12/2022,75.44,15655,69.12
14/12/2022,77.31,15590,70.37
15/12/2022,76.15,15615,90.85
16/12/2022,74.46,15595,101.22
19/12/2022,75.38,15595,46.8
20/12/2022,76.23,15600,129.66
21/12/2022,78.24,15585,92.27
22/12/2022,77.42,15580,67.79
23/12/2022,79.64,15590,38.67
26/12/2022,80.97,15630,48.34
27/12/2022,79.64,15660,64.01
28/12/2022,79.08,15700,55.04
29/12/2022,78.5,15655,78.98
30/12/2022,80.45,15565,62.74
02/01/2023,80.47,15570,95.42
03/01/2023,77.12,15595,42.85
04/01/2023,73.1,15585,50.96
05/01/2023,73.92,15605,28.13
06/01/2023,74.04,15630,29.8
09/01/2023,74.92,15565,89.53
10/01/2023,75.37,15570,52.51
11/01/2023,77.68,15480,93.12
12/01/2023,78.65,15336,79.99
13/01/2023,80.11,15140,66.18
15/01/2023,79.78,15140,8.83
16/01/2023,79.04,15040,91.12
17/01/2023,80.45,15160,62.68
18/01/2023,79.8,15085,68.6
19/01/2023,80.61,15100,55
20/01/2023,81.64,15070,48.24
23/01/2023,81.93,15070,51.64
24/01/2023,80.44,14885,28.47
25/01/2023,80.44,14960,41.41
26/01/2023,81.28,14945,69.01
27/01/2023,79.96,14980,59.15
30/01/2023,78.18,14965,80.79
31/01/2023,79.17,14985,65.27
01/02/2023,76.73,14970,39.44
02/02/2023,76.2,14875,19.04
03/02/2023,73.74,14890,99.33
06/02/2023,74.47,15050,121.85
07/02/2023,77.39,15140,106.57
08/02/2023,78.69,15095,54.24
09/02/2023,78.27,15090,77.74
10/02/2023,79.92,15130,84.59
13/02/2023,80.33,15190,70.81
14/02/2023,79.24,15155,84.14
15/02/2023,78.83,15200,169.88
16/02/2023,78.74,15153,66.5
17/02/2023,76.55,15200,62.11
19/02/2023,76.67,15200,57.97
20/02/2023,77.3,15155,72.01
21/02/2023,76.36,15185,71.32
22/02/2023,74.19,15200,94.49
23/02/2023,75.6,15185,66.67
24/02/2023,76.47,15220,87.49
27/02/2023,75.81,15265,47.44
28/02/2023,77.19,15245,93.71
01/03/2023,77.83,15230,56.43
02/03/2023,78.31,15275,34.06
03/03/2023,79.79,15295,140.45
06/03/2023,80.56,15290,50.25
07/03/2023,77.72,15345,68.84
08/03/2023,76.81,15430,112.79
09/03/2023,75.84,15420,63.22
10/03/2023,76.78,15445,61.92
13/03/2023,74.91,15360,23.89
14/03/2023,71.49,15380,60.05
15/03/2023,67.74,15360,192.34
16/03/2023,68.52,15375,69.92
17/03/2023,66.93,15340,78.18
20/03/2023,67.82,15355,106.44
21/03/2023,69.67,15340,63.06
22/03/2023,71.02,15340,48.48
23/03/2023,70.12,15340,72.8
24/03/2023,69.41,15150,61.26
27/03/2023,72.93,15155,74.93
28/03/2023,73.34,15085,63.46
29/03/2023,73.12,15060,73.33
30/03/2023,74.49,15045,36.62
31/03/2023,75.8,14990,25.29
03/04/2023,80.44,14965,61.24
04/04/2023,80.72,14895,91.76
05/04/2023,80.63,14920,104.37
06/04/2023,80.68,14910,33.67
10/04/2023,79.77,14899,85.16
11/04/2023,81.49,14881,23.76
12/04/2023,83.09,14875,37.47
13/04/2023,82.04,14750,71.29
14/04/2023,82.43,14695,97.43
17/04/2023,80.83,14785,77.84
18/04/2023,80.9,14840,46.18
19/04/2023,79.24,14840,121.14
20/04/2023,77.37,14840,81.19
21/04/2023,77.71,14840,66.42
24/04/2023,78.6,14840,96.3
25/04/2023,76.87,14840,137.47
26/04/2023,74.19,14830,154.59
27/04/2023,74.58,14700,88.44
28/04/2023,76.61,14665,88.98
01/05/2023,75.51,14665,58
02/05/2023,71.55,14700,16.28
03/05/2023,68.55,14680,60.4
04/05/2023,68.51,14675,22.26
05/05/2023,71.27,14670,57.34
08/05/2023,73.07,14695,70.39
09/05/2023,73.62,14725,49.38
10/05/2023,72.52,14720,72.59
11/05/2023,70.88,14720,43.82
12/05/2023,70.02,14745,111.6
15/05/2023,71.09,14795,108.84
16/05/2023,70.84,14815,93.31
17/05/2023,72.89,14860,134.94
18/05/2023,71.94,14923,42.85
19/05/2023,71.69,14920,29.49
22/05/2023,72.05,14885,26.29
23/05/2023,72.85,14875,119.16
24/05/2023,74.29,14895,99.46
25/05/2023,71.93,14945,76.44
26/05/2023,72.76,14950,63.78
28/05/2023,73.22,14950,69.78
29/05/2023,72.87,14965,41.33
30/05/2023,69.6,14980,75.63
31/05/2023,68.24,14985,123.24
01/06/2023,70.2,14914,95.42
02/06/2023,71.84,14902,76.35
05/06/2023,72.26,14885,67.7
06/06/2023,71.85,14855,65.7
07/06/2023,72.64,14875,91.82
08/06/2023,71.44,14890,23.44
09/06/2023,70.33,14835,74.56
12/06/2023,67.29,14860,92.79
13/06/2023,69.58,14855,113.79
14/06/2023,68.46,14895,32.52
15/06/2023,70.81,14940,48.01
16/06/2023,71.93,14930,32.44
18/06/2023,71.47,14930,48.83
19/06/2023,71.31,14990,100.38
20/06/2023,71.19,14995,95.29
21/06/2023,72.52,14940,186.3
22/06/2023,69.63,14935,103.26
23/06/2023,69.32,14990,95.03
26/06/2023,69.54,15010,101.41
27/06/2023,67.9,14990,54.82
28/06/2023,69.73,14987.9,110.42
29/06/2023,70.02,15071,125.27
30/06/2023,70.78,15040.4,166.3
03/07/2023,69.91,15020,113.77
04/07/2023,71.06,14990,146.73
05/07/2023,71.88,15010,111.82
06/07/2023,71.79,15040,16.6
07/07/2023,73.77,15130,54.47
10/07/2023,72.95,15190,131.65
11/07/2023,74.71,15135,50.06
12/07/2023,75.54,15075,47.38
13/07/2023,76.76,14965,36.4
14/07/2023,75.32,14955,56.09
17/07/2023,74.08,15000,49.56
18/07/2023,75.66,14990,97.43
19/07/2023,75.29,14999,93.88
20/07/2023,75.65,14985,60.39
21/07/2023,76.78,15020,76.31
24/07/2023,78.4,15020,55.93
25/07/2023,79.2,14990,3.57
26/07/2023,78.4,15015,8.32
27/07/2023,79.63,14995,49
28/07/2023,80.18,15090,101.18
31/07/2023,81.32,15075,63.3
01/08/2023,80.92,15110,140.43
02/08/2023,79.13,15170,115.36
03/08/2023,81.08,15180,88.29
04/08/2023,82.27,15165,49.32
07/08/2023,81.49,15180,92.16
08/08/2023,82.36,15215,98.59
09/08/2023,83.69,15190,158.96
10/08/2023,82.29,15180,125.85
11/08/2023,82.57,15210,165.85
14/08/2023,81.92,15310,68.16
15/08/2023,80.5,15335,65.92
16/08/2023,79.02,15280,138.41
17/08/2023,79.9,15361.8,170.94
18/08/2023,80.66,15280,176.61
21/08/2023,80.12,15320,133.34
22/08/2023,79.64,15310,140.03
23/08/2023,78.59,15290,59.02
24/08/2023,78.66,15240,31.1
25/08/2023,79.49,15290,57.55
28/08/2023,79.67,15285,65.87
29/08/2023,80.68,15255,68.73
30/08/2023,81.12,15235,60.07
31/08/2023,82.96,15225,79.61
01/09/2023,84.75,15235,41.49
03/09/2023,85.85,15235,47.32
04/09/2023,85.82,15235,54.3
05/09/2023,86.01,15260,59.73
06/09/2023,86.79,15290,93.25
07/09/2023,86.15,15320,85.51
08/09/2023,86.81,15320,131.48
11/09/2023,86.66,15320,47.13
12/09/2023,88.16,15335,58.56
13/09/2023,87.88,15365,29.36
14/09/2023,89.61,15350,73.51
15/09/2023,90.02,15350,144.79
18/09/2023,90.58,15365,138.02
19/09/2023,90.48,15375,84.5
20/09/2023,89.66,15375,42.24
21/09/2023,88.32,15370,94.64
22/09/2023,88.35,15370,94.5
25/09/2023,88.17,15395,170.6
26/09/2023,88.78,15485,41.51
27/09/2023,91.3,15515,76.66
28/09/2023,89.59,15481,54.79
29/09/2023,88.8,15450,25.45
02/10/2023,87.17,15525,8.47
03/10/2023,87.44,15575,97.29
04/10/2023,82.55,15625,95.69
05/10/2023,80.81,15610,43.82
06/10/2023,81.28,15605,64.11
09/10/2023,84.6,15685,78.98
10/10/2023,84.13,15730,46.89
11/10/2023,82.07,15690,46.52
12/10/2023,81.8,15685,65.99
13/10/2023,86.35,15680,63.33
16/10/2023,85.26,15715,34.78
17/10/2023,85.44,15710,37.86
18/10/2023,87.27,15725,32.36
19/10/2023,88.37,15810,31.02
20/10/2023,88.08,15870,27.3
23/10/2023,84.42,15930,69.74
24/10/2023,82.97,15845,77.25
25/10/2023,84.69,15865,56.22
26/10/2023,82.54,15915,104.51
27/10/2023,84.7,15935,70.38
30/10/2023,81.68,15885,76.57
31/10/2023,80.5,15880,32.56
01/11/2023,80.1,15930,50.57
02/11/2023,82.16,15850,37.43
03/11/2023,80.23,15725,49.92
06/11/2023,80.6,15535,95.29
07/11/2023,77.21,15625,91.79
08/11/2023,75.31,15645,65.36
09/11/2023,75.75,15650,26.22
10/11/2023,77.15,15690,59.15
13/11/2023,78.19,15695,79.2
14/11/2023,78.17,15690,53.3
15/11/2023,76.79,15530,30.92
16/11/2023,73.09,15540,80.9
17/11/2023,76.04,15490,30.39
20/11/2023,77.83,15440,40.69
21/11/2023,77.92,15435,111.95
22/11/2023,77.25,15570,50.82
23/11/2023,76.34,15550,89.99
24/11/2023,75.77,15560,99.66
27/11/2023,75.09,15490,63.62
28/11/2023,76.59,15430,50.91
29/11/2023,77.99,15390,18.56
30/11/2023,76.05,15505,42.61
01/12/2023,74.25,15480,103.37
04/12/2023,73.32,15450,71.91
05/12/2023,72.53,15500,76.15
06/12/2023,69.65,15490,95.29
07/12/2023,69.59,15510,11.13
08/12/2023,71.44,15505,55.99
11/12/2023,71.56,15610,127.2
12/12/2023,68.85,15615,157.74
13/12/2023,69.72,15655,83.16
14/12/2023,71.91,15495,49.64
15/12/2023,71.78,15490,68.6
18/12/2023,72.82,15505,95.35
19/12/2023,73.94,15500,64.41
20/12/2023,74.45,15505,189.93
21/12/2023,74.06,15520,133.26
22/12/2023,73.73,15480,47.53
25/12/2023,73.79,15467,114.39
26/12/2023,75.71,15407,103.81
27/12/2023,74.34,15425,116.29
28/12/2023,71.97,15415,81.68
29/12/2023,71.84,15395,107.77
01/01/2024,71.97,15390,203.01
02/01/2024,70.62,15465,80.04
03/01/2024,72.89,15475,106.26
04/01/2024,72.36,15485,98.69
05/01/2024,73.86,15510,52.84
08/01/2024,70.92,15520,50.7
09/01/2024,72.29,15515,81.71
10/01/2024,71.44,15565,117.78
11/01/2024,72.09,15545,85.3
12/01/2024,72.79,15545,73.61
15/01/2024,72.79,15550,65.94
16/01/2024,72.52,15585,89.44
17/01/2024,72.48,15635,69.01
18/01/2024,73.95,15615,104.92
19/01/2024,73.25,15610,69.79
22/01/2024,74.76,15630,65.97
23/01/2024,74.27,15625,119.12
24/01/2024,74.98,15705,151.91
25/01/2024,77.19,15820,103.52
26/01/2024,77.86,15815,41
29/01/2024,76.67,15805,59.96
30/01/2024,77.65,15777,84.71
31/01/2024,75.71,15775,54.23
01/02/2024,73.79,15760,68.83
02/02/2024,72.3,15655,92.75
05/02/2024,72.85,15700,36.15
06/02/2024,73.37,15725,33.21
07/02/2024,73.91,15630,57.03
08/02/2024,76.19,15665,96.16
09/02/2024,76.77,15611.5,59.4
12/02/2024,76.82,15590,102.68
13/02/2024,77.56,15590,68.04
14/02/2024,76.36,15632,57.64
15/02/2024,77.59,15615,43.25
16/02/2024,78.46,15615,65.81
19/02/2024,78.11,15625,171.9
20/02/2024,77.04,15655,56.07
21/02/2024,77.31,15630,121.31
22/02/2024,77.93,15585,94.4
23/02/2024,76.08,15590,37.86
26/02/2024,77.09,15625,26.15
27/02/2024,78.23,15635,50.81
28/02/2024,77.83,15680,81.57
29/02/2024,77.45,15710,94.01
01/03/2024,79.09,15695,55.36
04/03/2024,78.17,15735,107.15
05/03/2024,77.41,15765,27.15
06/03/2024,78.41,15695,35.05
07/03/2024,78.32,15650,126.71
08/03/2024,77.5,15585,133.84
11/03/2024,77.53,15525,76.41
12/03/2024,77.25,15561,94.01
13/03/2024,79.3,15570,86.04
14/03/2024,80.74,15575,62.44
15/03/2024,80.58,15590,49.44
18/03/2024,82.16,15685,79.63
19/03/2024,82.73,15710,144.65
20/03/2024,81.27,15710,102.93
21/03/2024,80.64,15655,96.13
22/03/2024,80.17,15775,55.78
25/03/2024,81.38,15795,49.84
26/03/2024,81.04,15785,66.92
27/03/2024,80.78,15850,124.33
28/03/2024,82.42,15850,62.87
29/03/2024,82.42,15880,73.81
01/04/2024,82.82,15885,122.69
02/04/2024,84.22,15895,76.94
03/04/2024,84.61,15915,28.16
04/04/2024,85.81,15890,46.44
05/04/2024,86.1,15840,46.37
08/04/2024,85.53,15925,84.58
09/04/2024,84.46,15899,135.3
10/04/2024,85.44,15998,83.04
11/04/2024,84.45,16031,101.22
12/04/2024,85.08,16117,63.28
15/04/2024,84.86,16116.7,51.49
16/04/2024,84.83,16170,141.16
17/04/2024,82.15,16215,122.86
18/04/2024,82.1,16170,126.07
19/04/2024,82.22,16250,158.17
22/04/2024,81.9,16230,108.76
23/04/2024,82.56,16215,43.9
24/04/2024,82.09,16150,34.06
25/04/2024,82.75,16185,128.99
26/04/2024,83.13,16205,80.91
29/04/2024,82.03,16250,87.69
30/04/2024,81.28,16255,118.1
01/05/2024,78.44,16193.6,58.98
02/05/2024,78.48,16180,57.11
03/05/2024,77.76,16080,35.52
06/05/2024,78.14,16020,60.78
07/05/2024,78.06,16040,92.79
08/05/2024,78.56,16040,86.94
09/05/2024,78.8,16026,93.12
10/05/2024,77.84,16058.9,106.17
13/05/2024,78.6,16075,73.32
14/05/2024,77.65,16090,86.76
15/05/2024,78.16,16025,120.54
16/05/2024,78.74,15920,202.43
17/05/2024,79.58,15950,145.56
20/05/2024,79.3,15970,104.56
21/05/2024,78.66,15990,164.98
22/05/2024,77.15,15990,95.62
23/05/2024,76.46,16102.3,76.44
24/05/2024,77.23,16045,110.42
27/05/2024,78.65,16060,129.9
28/05/2024,79.35,16085,72.01
29/05/2024,78.8,16155,136.25
30/05/2024,77.54,16255,95.44
31/05/2024,76.73,16245,86.99
03/06/2024,74.09,16225,61.02
04/06/2024,73.06,16215,53.09
05/06/2024,73.82,16280,101.41
06/06/2024,75.24,16255,141.34
07/06/2024,75.22,16190,135.31
10/06/2024,77.33,16275,135.72
11/06/2024,77.55,16285,43.88
12/06/2024,78.15,16290,43.73
13/06/2024,78.26,16265,78.87
14/06/2024,78.05,16395,58.89
17/06/2024,79.72,16486,37.89
18/06/2024,80.71,16376.1,147.23
19/06/2024,80.59,16360,76.59
20/06/2024,81.29,16425,63.1
21/06/2024,79.96,16445,37.86
24/06/2024,80.86,16390,52.34
25/06/2024,80.07,16370,88.96
26/06/2024,80.19,16400,96.48
27/06/2024,80.83,16395,70.01
28/06/2024,80.64,16370,118.96
01/07/2024,82.32,16320,38.28
02/07/2024,81.91,16390,63.7
03/07/2024,83.02,16365,130.01
04/07/2024,83.94,16325,188.91
05/07/2024,82.26,16275,78.21
08/07/2024,81.52,16250,170.65
09/07/2024,80.56,16245,133.57
10/07/2024,81.07,16235,71.06
11/07/2024,81.38,16190,46.01
12/07/2024,81.02,16135,109.27
15/07/2024,80.84,16165,138.82
16/07/2024,79.71,16175,153.56
17/07/2024,81.44,16095,136.37
18/07/2024,81.3,16150,185.75
19/07/2024,78.64,16185,145.81
22/07/2024,78.4,16215,106.86
23/07/2024,75.92,16205,185.8
24/07/2024,76.58,16210,291.58
25/07/2024,77.11,16245,260.34
26/07/2024,76,16285,265.01
29/07/2024,74.8,16275,182.23
30/07/2024,73.88,16295,217.44
31/07/2024,76.84,16255,63.53
01/08/2024,75.4,16230,142.99
02/08/2024,72.59,16195,190.59
05/08/2024,72.2,16180,250.32
06/08/2024,72.34,16160,176.29
07/08/2024,74.17,16030,92.57
08/08/2024,75.04,15890,47.57
09/08/2024,75.61,15920,78.25
12/08/2024,78.46,15950,195.15
13/08/2024,76.8,15830,158.39
14/08/2024,75.84,15675,117.18
15/08/2024,76.99,15690,108.54
16/08/2024,75.54,15685,179.28
19/08/2024,73.66,15545,131.99
20/08/2024,73.17,15430,118
21/08/2024,71.3,15480,191.89
22/08/2024,72.28,15595,229.06
23/08/2024,73.93,15485,223.47
26/08/2024,76.17,15425,228.45
27/08/2024,74.46,15490,226.35
28/08/2024,73.44,15420,140.16
29/08/2024,74.67,15410,83.28
30/08/2024,72.65,15450,152.37
01/09/2024,72.98,15450,279.43
02/09/2024,73.78,15520,431.02
03/09/2024,69.59,15520,370.7
04/09/2024,68.52,15470,515.89
05/09/2024,68.5,15395,398.59
06/09/2024,66.98,15360,202.09
09/09/2024,67.91,15450,452.62
10/09/2024,65.14,15445,540.83
11/09/2024,66.6,15395,523.52
12/09/2024,68.15,15425,436.82
13/09/2024,67.75,15395,350.07
16/09/2024,69.02,15393.1,322.36
17/09/2024,69.96,15330,197.62
18/09/2024,69.88,15330,362.31
19/09/2024,71.16,15230,352.11
20/09/2024,71,15145,295.31
23/09/2024,69.61,15195,352.4
24/09/2024,70.84,15180,410.33
25/09/2024,69.13,15095,298.71
26/09/2024,67.19,15160,181.01
27/09/2024,67.67,15120,350.11
30/09/2024,67.77,15135,311.88
01/10/2024,69.39,15195,473.22
02/10/2024,69.69,15260,290.33
03/10/2024,73.17,15415,285.32
04/10/2024,73.68,15480,175.89
07/10/2024,76.47,15675,130.76
08/10/2024,72.98,15640,227.74
09/10/2024,72.59,15615,244.84
10/10/2024,75.11,15660,267.47
11/10/2024,74.85,15575,317.01
14/10/2024,73.24,15555,350.74
15/10/2024,70.01,15575,275.09
16/10/2024,69.82,15505,189.29
17/10/2024,70.09,15490,281.92
18/10/2024,68.69,15460,233.36
21/10/2024,70.04,15490,233.51
22/10/2024,71.74,15555,254.81
23/10/2024,70.37,15615,188.16
24/10/2024,69.84,15575,188.16
25/10/2024,71.35,15635,239.78
28/10/2024,66.98,15720,163.02
29/10/2024,66.81,15755,212.42
30/10/2024,68.18,15690,175.75
31/10/2024,68.81,15690,243.42
01/11/2024,69.08,15715,219.48
04/11/2024,71.03,15750,178.67
05/11/2024,71.56,15730,148.98
06/11/2024,71.24,15825,195.23
07/11/2024,71.96,15730,226.25
08/11/2024,70.11,15665,258.88
11/11/2024,67.92,15675,265.66
12/11/2024,67.97,15775,168.44
13/11/2024,68.26,15770,166.67
14/11/2024,68.53,15850,151.43
15/11/2024,66.92,15850,218.63
18/11/2024,69.17,15845,213.52
19/11/2024,69.24,15825,189.61
20/11/2024,68.75,15860,128.26
21/11/2024,69.77,15920,246.8
22/11/2024,70.77,15870,134.42
25/11/2024,68.58,15865,50.45
26/11/2024,68.44,15925,246.9
27/11/2024,68.35,15925,160.54
28/11/2024,68.35,15865,186.7
29/11/2024,67.72,15840,176.38
02/12/2024,67.84,15895,148.94
03/12/2024,69.54,15935,168.44
04/12/2024,68.19,15925,66.92
05/12/2024,67.96,15855,96.67
06/12/2024,66.98,15845,157.47
09/12/2024,68.09,15860,163.45
10/12/2024,68.27,15860,144.7
11/12/2024,69.87,15910,174.07
12/12/2024,69.66,15920,97.72
13/12/2024,70.82,15990,98.48
16/12/2024,70.29,15995,150.87
17/12/2024,69.65,16060,143.25
18/12/2024,70.02,16085,176.38
19/12/2024,69.38,16285,158.26
20/12/2024,69.02,16190,162.08
23/12/2024,68.81,16170,83.8
24/12/2024,69.64,16185,77.84
25/12/2024,69.64,16185,168.75
26/12/2024,69.23,16185,174.62
27/12/2024,70.18,16230,165.9
30/12/2024,70.53,16130,162.38
31/12/2024,71.25,16090,140.96
01/01/2025,71.25,16090,124.22
02/01/2025,72.5,16190,75.1
03/01/2025,73.21,16185,150.31
06/01/2025,72.92,16190,222.36
07/01/2025,73.57,16125,155.1
08/01/2025,72.67,16190,134.57
09/01/2025,73.24,16195,155.52
10/01/2025,75.75,16180,118.48
13/01/2025,77.3,16270,76.05
14/01/2025,76.37,16260,115.82
15/01/2025,78.71,16315,190.31
16/01/2025,78.68,16355,168.34
17/01/2025,77.88,16360,142.59
20/01/2025,77.88,16355,142.78
21/01/2025,75.89,16330,102.87
22/01/2025,75.44,16280,70.29
23/01/2025,74.62,16275,190.13
24/01/2025,74.66,16170,139.03
27/01/2025,73.17,16170,152.37
28/01/2025,73.77,16170,115.55
29/01/2025,72.62,16170,94.35
30/01/2025,72.73,16255,103.96
31/01/2025,72.53,16295,83.74
03/02/2025,73.16,16430,147.23
04/02/2025,72.7,16340,136.37
05/02/2025,71.03,16280,110.05
06/02/2025,70.61,16325,132.28
07/02/2025,71,16270,114.05
10/02/2025,72.01,16340,98.12
11/02/2025,73.08,16370,56.46
12/02/2025,71.24,16360,115.72
13/02/2025,71.14,16350,116.77
14/02/2025,70.71,16255,121.32
17/02/2025,70.71,16210,143.56
18/02/2025,71.85,16270,149.36
19/02/2025,72.25,16330,123.24
20/02/2025,72.57,16325,75.86
21/02/2025,70.4,16300,132
24/02/2025,70.7,16270,200.76
25/02/2025,68.93,16340,181.89
26/02/2025,68.62,16365,173.21
27/02/2025,70.35,16445,119.08
28/02/2025,69.76,16575,60.23
03/03/2025,68.37,16475,30.21
04/03/2025,68.26,16440,80.44
05/03/2025,66.31,16310,109.65
06/03/2025,66.36,16325,138.99
07/03/2025,67.04,16290,88.63
10/03/2025,65.68,16335,110.42
11/03/2025,65.93,16400,70.48
12/03/2025,67.38,16440,38.52
13/03/2025,66.27,16420,112.85
14/03/2025,66.91,16345,113.64
17/03/2025,67.37,16395,182.87
18/03/2025,66.9,16420,165.35
19/03/2025,67.16,16520,192.03
20/03/2025,68.26,16470,102.6
21/03/2025,68.28,16495,107.43
24/03/2025,69.11,16550,128.71
25/03/2025,69,16590,151.08
26/03/2025,69.65,16575,149.56
27/03/2025,69.92,16555,117.51
28/03/2025,69.36,16555,125.48
31/03/2025,71.48,16555,109.92
01/04/2025,71.2,16555,89.26
02/04/2025,71.71,16555,109.56
03/04/2025,66.95,16555,160.86
04/04/2025,61.99,16555,145.54
07/04/2025,60.7,16555,106.68
08/04/2025,59.58,16860,68.25
09/04/2025,62.35,16860,119.98
10/04/2025,60.07,16795,125.18
11/04/2025,61.5,16790,130.93
14/04/2025,61.05,16770,204.48
15/04/2025,60.75,16810,210.23
16/04/2025,62.47,16820,212.05
17/04/2025,64.68,16820,163.93
18/04/2025,64.68,16820,138.23
21/04/2025,63.08,16800,111.04
22/04/2025,64.31,16855,149.1
23/04/2025,62.27,16865,212.57
24/04/2025,62.79,16870,80.65
25/04/2025,63.02,16830,130.27
28/04/2025,62.05,16855,182.54
29/04/2025,60.42,16760,112.02
30/04/2025,58.21,16600,120.09
01/05/2025,59.24,16600,110.42
02/05/2025,58.29,16435,96.54
05/05/2025,57.13,16435,156.09
06/05/2025,59.09,16450,100.74
07/05/2025,58.07,16535,117.68
08/05/2025,59.91,16494,81.54
09/05/2025,61.02,16515,122.69
12/05/2025,61.56,16515,101.73
13/05/2025,63.25,16515,145.34
14/05/2025,62.68,16550,102.45
15/05/2025,61.15,16515,149.12
16/05/2025,61.97,16440,108.25
19/05/2025,62.69,16430,81.79
20/05/2025,62.56,16415,103.81
21/05/2025,61.57,16395,120.46
22/05/2025,61.2,16330,115.27
23/05/2025,61.53,16217.5,97.75
25/05/2025,61.93,16217.5,187.71
26/05/2025,61.49,16240,84.13
27/05/2025,60.89,16272.5,117.78
28/05/2025,61.84,16290,65.92
29/05/2025,60.94,16290,83.96
30/05/2025,60.79,16290,119.16
02/06/2025,62.52,16245,124.29
03/06/2025,63.41,16285,99.43
04/06/2025,62.85,16290,94.33
05/06/2025,63.37,16275,81.92
06/06/2025,64.58,16275,66.75
09/06/2025,64.22,16275,111.96
10/06/2025,63.91,16270,132.26
11/06/2025,66.9,16255,202.93
12/06/2025,66.64,16235,95.61
13/06/2025,71.29,16295,127.41
16/06/2025,71.77,16265,119.16
17/06/2025,74.84,16280,71.24
18/06/2025,75.14,16300,122.18
19/06/2025,73.82,16395,109.77
20/06/2025,74.93,16385,189.75
23/06/2025,68.51,16485,225.86
24/06/2025,64.37,16350,187.8
25/06/2025,64.92,16290,108.02
26/06/2025,65.24,16204,71.05
27/06/2025,65.52,16204,163.02
30/06/2025,65.11,16235,155.89
01/07/2025,65.45,16190,202.59
02/07/2025,67.45,16240,156.94
03/07/2025,67,16190,162.74
04/07/2025,66.49,16185,154.97
06/07/2025,65.91,16176,120.6
07/07/2025,67.93,16230,123.9
08/07/2025,68.33,16205,164.21
09/07/2025,68.18,16242.5,171.15
10/07/2025,67.18,16208.5,202.7
